GLOBALEVENTID,SQLDATE,MonthYear,Year,FractionDate,Actor1Code,Actor1Name,Actor1CountryCode,Actor1KnownGroupCode,Actor1EthnicCode,Actor1Religion1Code,Actor1Religion2Code,Actor1Type1Code,Actor1Type2Code,Actor1Type3Code,Actor2Code,Actor2Name,Actor2CountryCode,Actor2KnownGroupCode,Actor2EthnicCode,Actor2Religion1Code,Actor2Religion2Code,Actor2Type1Code,Actor2Type2Code,Actor2Type3Code,IsRootEvent,EventCode,CAMEOCodeDescription,EventBaseCode,EventRootCode,QuadClass,GoldsteinScale,NumMentions,NumSources,NumArticles,AvgTone,Actor1Geo_Type,Actor1Geo_FullName,Actor1Geo_CountryCode,Actor1Geo_ADM1Code,Actor1Geo_ADM2Code,Actor1Geo_Lat,Actor1Geo_Long,Actor1Geo_FeatureID,Actor2Geo_Type,Actor2Geo_FullName,Actor2Geo_CountryCode,Actor2Geo_ADM1Code,Actor2Geo_ADM2Code,Actor2Geo_Lat,Actor2Geo_Long,Actor2Geo_FeatureID,ActionGeo_Type,ActionGeo_FullName,ActionGeo_CountryCode,ActionGeo_ADM1Code,ActionGeo_ADM2Code,ActionGeo_Lat,ActionGeo_Long,ActionGeo_FeatureID,DATEADDED,SOURCEURL
1281305183,20251229,202512,2025,2025.9836,CHN,BEIJING,CHN,,,,,,,,RUS,RUSSIA,RUS,,,,,,,,0,057, Sign formal agreement,057,05,1,8.0,1,1,1,-3.31618067467124,4,"Beijing, Beijing, China",CH,CH22,13001,39.9289,116.388,-1898541,1,Russia,RS,RS,,60.0,100.0,RS,4,"Beijing, Beijing, China",CH,CH22,13001,39.9289,116.388,-1898541,20251229000000,https://www.bostonglobe.com/2025/12/28/world/china-expands-nuclear-warhead-manufacturing-capacity-research-finds/
1281305184,20251229,202512,2025,2025.9836,CHN,BEIJING,CHN,,,,,,,,RUS,RUSSIA,RUS,,,,,,,,0,057, Sign formal agreement,057,05,1,8.0,1,1,1,-3.31618067467124,4,"Xinjiang, Jiangxi, China",CH,CH03,13167,27.7481,116.274,11065838,2,"Texas, United States",US,USTX,,31.106,-97.6475,TX,4,"Beijing, Beijing, China",CH,CH22,13001,39.9289,116.388,-1898541,20251229000000,https://www.bostonglobe.com/2025/12/28/world/china-expands-nuclear-warhead-manufacturing-capacity-research-finds/
1281305670,20251229,202512,2025,2025.9836,RUS,RUSSIA,RUS,,,,,,,,CHN,BEIJING,CHN,,,,,,,,0,057, Sign formal agreement,057,05,1,8.0,1,1,1,-3.31618067467124,1,Russia,RS,RS,,60.0,100.0,RS,4,"Beijing, Beijing, China",CH,CH22,13001,39.9289,116.388,-1898541,4,"Beijing, Beijing, China",CH,CH22,13001,39.9289,116.388,-1898541,20251229000000,https://www.bostonglobe.com/2025/12/28/world/china-expands-nuclear-warhead-manufacturing-capacity-research-finds/
1281305671,20251229,202512,2025,2025.9836,RUS,RUSSIA,RUS,,,,,,,,CHN,BEIJING,CHN,,,,,,,,0,057, Sign formal agreement,057,05,1,8.0,1,1,1,-3.31618067467124,2,"Texas, United States",US,USTX,,31.106,-97.6475,TX,4,"Xinjiang, Jiangxi, China",CH,CH03,13167,27.7481,116.274,11065838,4,"Beijing, Beijing, China",CH,CH22,13001,39.9289,116.388,-1898541,20251229000000,https://www.bostonglobe.com/2025/12/28/world/china-expands-nuclear-warhead-manufacturing-capacity-research-finds/
1281309531,20251229,202512,2025,2025.9836,CHN,GUANGXI ZHUANG,CHN,,,,,,,,RUS,RUSSIA,RUS,,,,,,,,1,043, Host a visit,043,04,1,2.8,2,1,2,6.01503759398496,4,"Moscow, Moskva, Russia",RS,RS48,25106,55.7522,37.6156,-2960561,4,"Moscow, Moskva, Russia",RS,RS48,25106,55.7522,37.6156,-2960561,4,"Moscow, Moskva, Russia",RS,RS48,25106,55.7522,37.6156,-2960561,20251229004500,https://www.chinadaily.com.cn/a/202512/29/WS6951bf4da310d6866eb30d2f.html
1281310018,20251229,202512,2025,2025.9836,RUS,RUSSIA,RUS,,,,,,,,CHN,GUANGXI ZHUANG,CHN,,,,,,,,1,042, Make a visit,042,04,1,1.9,2,1,2,6.01503759398496,4,"Moscow, Moskva, Russia",RS,RS48,25106,55.7522,37.6156,-2960561,4,"Moscow, Moskva, Russia",RS,RS48,25106,55.7522,37.6156,-2960561,4,"Moscow, Moskva, Russia",RS,RS48,25106,55.7522,37.6156,-2960561,20251229004500,https://www.chinadaily.com.cn/a/202512/29/WS6951bf4da310d6866eb30d2f.html
1281321873,20251229,202512,2025,2025.9836,CHN,CHINA,CHN,,,,,,,,RUS,RUSSIAN,RUS,,,,,,,,1,020," Appeal, not specified below",020,02,1,3.0,2,1,2,4.05604719764012,4,"Xizang, Gansu, China",CH,CH15,13270,33.8738,103.952,10631385,1,Russia,RS,RS,,60.0,100.0,RS,4,"Xizang, Gansu, China",CH,CH15,13270,33.8738,103.952,10631385,20251229033000,http://en.people.cn/n3/2025/1229/c90000-20407811.html
1281321874,20251229,202512,2025,2025.9836,CHN,CHINA,CHN,,,,,,,,RUS,RUSSIAN,RUS,,,,,,,,1,020," Appeal, not specified below",020,02,1,3.0,2,1,2,4.05604719764012,4,"Xizang, Gansu, China",CH,CH15,13270,33.8738,103.952,10631385,1,Russia,RS,RS,,60.0,100.0,RS,1,Russia,RS,RS,,60.0,100.0,RS,20251229033000,http://en.people.cn/n3/2025/1229/c90000-20407811.html
1281321219,20251229,202512,2025,2025.9836,RUS,RUSSIA,RUS,,,,,,,,CHN,BEIJING,CHN,,,,,,,,1,030," Express intent to cooperate, not specified below",030,03,1,4.0,20,1,20,-1.9152169356529,3,"Washington, District of Columbia, United States",US,USDC,DC001,38.8951,-77.0364,531871,3,"Washington, District of Columbia, United States",US,USDC,DC001,38.8951,-77.0364,531871,3,"Washington, District of Columbia, United States",US,USDC,DC001,38.8951,-77.0364,531871,20251229031500,http://www.europesun.com/news/278779506/russia-will-support-beijing-over-taiwan-lavrov
1281341084,20251229,202512,2025,2025.9836,CHN,CHINA,CHN,,,,,,,,RUS,RUSSIA,RUS,,,,,,,,0,042, Make a visit,042,04,1,1.9,2,1,2,-2.6948989412897,4,"Isfahan, Esfahan, Iran",IR,IR28,40941,32.6597,51.6714,6013426,4,"Isfahan, Esfahan, Iran",IR,IR28,40941,32.6597,51.6714,6013426,4,"Isfahan, Esfahan, Iran",IR,IR28,40941,32.6597,51.6714,6013426,20251229074500,https://spectator.org/a-trump-worthy-year-for-the-military/
1281341085,20251229,202512,2025,2025.9836,CHN,CHINA,CHN,,,,,,,,RUS,RUSSIA,RUS,,,,,,,,0,042, Make a visit,042,04,1,1.9,2,1,2,-2.6948989412897,1,China,CH,CH,,35.0,105.0,CH,1,China,CH,CH,,35.0,105.0,CH,1,Nigeria,NI,NI,,10.0,8.0,NI,20251229074500,https://spectator.org/a-trump-worthy-year-for-the-military/
1281341086,20251229,202512,2025,2025.9836,CHN,CHINA,CHN,,,,,,,,RUS,RUSSIA,RUS,,,,,,,,0,042, Make a visit,042,04,1,1.9,6,1,6,-2.6948989412897,1,China,CH,CH,,35.0,105.0,CH,1,Russia,RS,RS,,60.0,100.0,RS,1,Nigeria,NI,NI,,10.0,8.0,NI,20251229074500,https://spectator.org/a-trump-worthy-year-for-the-military/
1281341601,20251229,202512,2025,2025.9836,RUS,RUSSIA,RUS,,,,,,,,CHN,CHINA,CHN,,,,,,,,0,043, Host a visit,043,04,1,2.8,2,1,2,-2.6948989412897,4,"Isfahan, Esfahan, Iran",IR,IR28,40941,32.6597,51.6714,6013426,4,"Isfahan, Esfahan, Iran",IR,IR28,40941,32.6597,51.6714,6013426,4,"Isfahan, Esfahan, Iran",IR,IR28,40941,32.6597,51.6714,6013426,20251229074500,https://spectator.org/a-trump-worthy-year-for-the-military/
1281341602,20251229,202512,2025,2025.9836,RUS,RUSSIA,RUS,,,,,,,,CHN,CHINA,CHN,,,,,,,,0,043, Host a visit,043,04,1,2.8,2,1,2,-2.6948989412897,1,China,CH,CH,,35.0,105.0,CH,1,China,CH,CH,,35.0,105.0,CH,1,Nigeria,NI,NI,,10.0,8.0,NI,20251229074500,https://spectator.org/a-trump-worthy-year-for-the-military/
1281341603,20251229,202512,2025,2025.9836,RUS,RUSSIA,RUS,,,,,,,,CHN,CHINA,CHN,,,,,,,,0,043, Host a visit,043,04,1,2.8,6,1,6,-2.6948989412897,1,Russia,RS,RS,,60.0,100.0,RS,1,China,CH,CH,,35.0,105.0,CH,1,Nigeria,NI,NI,,10.0,8.0,NI,20251229074500,https://spectator.org/a-trump-worthy-year-for-the-military/
1281346666,20241229,202412,2024,2024.9836,RUS,RUSSIAN,RUS,,,,,,,,CHN,CHINA,CHN,,,,,,,,0,060," Engage in material cooperation, not spec below",060,06,2,6.0,5,1,5,-4.87272727272727,1,Russia,RS,RS,,60.0,100.0,RS,1,Russia,RS,RS,,60.0,100.0,RS,1,Russia,RS,RS,,60.0,100.0,RS,20251229084500,http://www.strategypage.com/%5Chtmw%5Chtairw%5Carticles%5C202512285515.aspx
1281347313,20251229,202512,2025,2025.9836,RUS,RUSSIAN,RUS,,,,,,,,CHN,CHINA,CHN,,,,,,,,0,060," Engage in material cooperation, not spec below",060,06,2,6.0,2,1,2,-4.87272727272727,1,Russia,RS,RS,,60.0,100.0,RS,1,Russia,RS,RS,,60.0,100.0,RS,1,Russia,RS,RS,,60.0,100.0,RS,20251229084500,http://www.strategypage.com/%5Chtmw%5Chtairw%5Carticles%5C202512285515.aspx
1281339629,20251229,202512,2025,2025.9836,CHN,CHINA,CHN,,,,,,,,RUS,RUSSIA,RUS,,,,,,,,0,050," Engage in diplomatic cooperation, not specified below",050,05,1,3.5,2,1,2,0.0,4,"Beijing, Beijing, China",CH,CH22,13001,39.9289,116.388,-1898541,4,"Moscow, Moskva, Russia",RS,RS48,25106,55.7522,37.6156,-2960561,4,"Beijing, Beijing, China",CH,CH22,13001,39.9289,116.388,-1898541,20251229073000,https://www.brahmand.com/news-detail/22056
1281339630,20251229,202512,2025,2025.9836,CHN,BEIJING,CHN,,,,,,,,RUS,MOSCOW,RUS,,,,,,,,0,050," Engage in diplomatic cooperation, not specified below",050,05,1,3.5,6,1,6,0.0,4,"Beijing, Beijing, China",CH,CH22,13001,39.9289,116.388,-1898541,4,"Moscow, Moskva, Russia",RS,RS48,25106,55.7522,37.6156,-2960561,4,"Moscow, Moskva, Russia",RS,RS48,25106,55.7522,37.6156,-2960561,20251229073000,https://www.brahmand.com/news-detail/22056
1281339631,20251229,202512,2025,2025.9836,CHN,BEIJING,CHN,,,,,,,,RUS,MOSCOW,RUS,,,,,,,,0,050," Engage in diplomatic cooperation, not specified below",050,05,1,3.5,2,1,2,0.0,4,"Moscow, Moskva, Russia",RS,RS48,25106,55.7522,37.6156,-2960561,4,"Moscow, Moskva, Russia",RS,RS48,25106,55.7522,37.6156,-2960561,4,"Beijing, Beijing, China",CH,CH22,13001,39.9289,116.388,-1898541,20251229073000,https://www.brahmand.com/news-detail/22056
1281349043,20251229,202512,2025,2025.9836,RUS,RUSSIA,RUS,,,,,,,,CHN,CHINA,CHN,,,,,,,,1,013, Make optimistic comment,013,01,1,0.4,1,1,1,-2.91338582677166,4,"Moscow, Moskva, Russia",RS,RS48,25106,55.7522,37.6156,-2960561,1,China,CH,CH,,35.0,105.0,CH,4,"Moscow, Moskva, Russia",RS,RS48,25106,55.7522,37.6156,-2960561,20251229090000,https://nuclear-news.net/2025/12/29/1-b1-the-2025-nuclear-year-in-review-back-to-the-future-atomic-age/
1281349052,20251229,202512,2025,2025.9836,RUSGOV,RUSSIA,RUS,,,,,GOV,,,CHN,CHINA,CHN,,,,,,,,1,010," Make statement, not specified below",010,01,1,0.0,1,1,1,-2.91338582677166,4,"Moscow, Moskva, Russia",RS,RS48,25106,55.7522,37.6156,-2960561,4,"Moscow, Moskva, Russia",RS,RS48,25106,55.7522,37.6156,-2960561,4,"Moscow, Moskva, Russia",RS,RS48,25106,55.7522,37.6156,-2960561,20251229090000,https://nuclear-news.net/2025/12/29/1-b1-the-2025-nuclear-year-in-review-back-to-the-future-atomic-age/
1281357164,20251229,202512,2025,2025.9836,RUS,RUSSIA,RUS,,,,,,,,CHN,CHINA,CHN,,,,,,,,0,072, Provide military aid,072,07,2,8.3,2,1,2,-2.77511961722488,4,"Taipei, T'ai-pei, Taiwan",TW,TW03,13277,25.0478,121.532,-2637882,4,"Beijing, Beijing, China",CH,CH22,13001,39.9289,116.388,-1898541,4,"Beijing, Beijing, China",CH,CH22,13001,39.9289,116.388,-1898541,20251229101500,https://www.9news.com.au/world/chinese-military-stages-drills-taiwan-to-warn/e23bd311-48e1-4157-9f85-1fb91b9703f8
1281357165,20251229,202512,2025,2025.9836,RUS,RUSSIA,RUS,,,,,,,,CHN,CHINA,CHN,,,,,,,,0,072, Provide military aid,072,07,2,8.3,6,1,6,-2.77511961722488,1,Russia,RS,RS,,60.0,100.0,RS,4,"Beijing, Beijing, China",CH,CH22,13001,39.9289,116.388,-1898541,4,"Beijing, Beijing, China",CH,CH22,13001,39.9289,116.388,-1898541,20251229101500,https://www.9news.com.au/world/chinese-military-stages-drills-taiwan-to-warn/e23bd311-48e1-4157-9f85-1fb91b9703f8
1281357166,20251229,202512,2025,2025.9836,RUS,RUSSIA,RUS,,,,,,,,CHN,CHINA,CHN,,,,,,,,0,072, Provide military aid,072,07,2,8.3,2,1,2,-2.77511961722488,1,Russia,RS,RS,,60.0,100.0,RS,4,"Beijing, Beijing, China",CH,CH22,13001,39.9289,116.388,-1898541,1,Russia,RS,RS,,60.0,100.0,RS,20251229101500,https://www.9news.com.au/world/chinese-military-stages-drills-taiwan-to-warn/e23bd311-48e1-4157-9f85-1fb91b9703f8
1281367019,20251229,202512,2025,2025.9836,CHN,BEIJING,CHN,,,,,,,,RUS,MOSCOW,RUS,,,,,,,,1,043, Host a visit,043,04,1,2.8,8,1,8,2.50696378830084,4,"Beijing, Beijing, China",CH,CH22,13001,39.9289,116.388,-1898541,4,"Moscow, Moskva, Russia",RS,RS48,25106,55.7522,37.6156,-2960561,4,"Moscow, Moskva, Russia",RS,RS48,25106,55.7522,37.6156,-2960561,20251229114500,https://www.mirror.co.uk/travel/legendary-sleeper-train-connecting-3-36467283
1281365025,20251229,202512,2025,2025.9836,CHN,CHINA,CHN,,,,,,,,RUS,RUSSIA,RUS,,,,,,,,1,046, Engage in negotiation,046,04,1,7.0,1,1,1,-3.73333333333333,1,China,CH,CH,,35.0,105.0,CH,1,China,CH,CH,,35.0,105.0,CH,2,"Florida, United States",US,USFL,,27.8333,-81.717,FL,20251229113000,https://english.aawsat.com/business/5224146-oil-rises-investors-weigh-outcome-trump%E2%80%93zelenskiy-meeting
1281365026,20251229,202512,2025,2025.9836,CHN,CHINA,CHN,,,,,,,,RUS,RUSSIA,RUS,,,,,,,,1,046, Engage in negotiation,046,04,1,7.0,1,1,1,-3.73333333333333,1,China,CH,CH,,35.0,105.0,CH,1,Russia,RS,RS,,60.0,100.0,RS,1,Russia,RS,RS,,60.0,100.0,RS,20251229113000,https://english.aawsat.com/business/5224146-oil-rises-investors-weigh-outcome-trump%E2%80%93zelenskiy-meeting
1281365739,20251229,202512,2025,2025.9836,RUS,RUSSIA,RUS,,,,,,,,CHN,CHINA,CHN,,,,,,,,1,046, Engage in negotiation,046,04,1,7.0,1,1,1,-3.73333333333333,1,China,CH,CH,,35.0,105.0,CH,1,China,CH,CH,,35.0,105.0,CH,2,"Florida, United States",US,USFL,,27.8333,-81.717,FL,20251229113000,https://english.aawsat.com/business/5224146-oil-rises-investors-weigh-outcome-trump%E2%80%93zelenskiy-meeting
1281365740,20251229,202512,2025,2025.9836,RUS,RUSSIA,RUS,,,,,,,,CHN,CHINA,CHN,,,,,,,,1,046, Engage in negotiation,046,04,1,7.0,1,1,1,-3.73333333333333,1,Russia,RS,RS,,60.0,100.0,RS,1,China,CH,CH,,35.0,105.0,CH,1,Russia,RS,RS,,60.0,100.0,RS,20251229113000,https://english.aawsat.com/business/5224146-oil-rises-investors-weigh-outcome-trump%E2%80%93zelenskiy-meeting
1281378721,20251229,202512,2025,2025.9836,CHN,CHINA,CHN,,,,,,,,RUS,RUSSIA,RUS,,,,,,,,1,013, Make optimistic comment,013,01,1,0.4,2,1,2,-5.12048192771084,1,China,CH,CH,,35.0,105.0,CH,1,China,CH,CH,,35.0,105.0,CH,1,Russia,RS,RS,,60.0,100.0,RS,20251229131500,https://tucson.com/opinion/letters/article_2eb7ca5e-7766-4e7f-a430-848a9a37ba2a.html
1281378722,20251229,202512,2025,2025.9836,CHN,CHINESE,CHN,,,,,,,,RUS,RUSSIA,RUS,,,,,,,,1,013, Make optimistic comment,013,01,1,0.4,2,1,2,-5.12048192771084,1,China,CH,CH,,35.0,105.0,CH,1,Russia,RS,RS,,60.0,100.0,RS,1,Greenland,GL,GL,,72.0,-40.0,GL,20251229131500,https://tucson.com/opinion/letters/article_2eb7ca5e-7766-4e7f-a430-848a9a37ba2a.html
1281378723,20251229,202512,2025,2025.9836,CHN,CHINESE,CHN,,,,,,,,RUS,RUSSIAN,RUS,,,,,,,,1,013, Make optimistic comment,013,01,1,0.4,4,1,4,-5.12048192771084,1,China,CH,CH,,35.0,105.0,CH,1,Russia,RS,RS,,60.0,100.0,RS,1,Russia,RS,RS,,60.0,100.0,RS,20251229131500,https://tucson.com/opinion/letters/article_2eb7ca5e-7766-4e7f-a430-848a9a37ba2a.html
1281386663,20251229,202512,2025,2025.9836,CHN,CHINA,CHN,,,,,,,,RUS,RUSSIA,RUS,,,,,,,,1,010," Make statement, not specified below",010,01,1,0.0,1,1,1,2.61437908496732,1,China,CH,CH,,35.0,105.0,CH,1,China,CH,CH,,35.0,105.0,CH,1,Russia,RS,RS,,60.0,100.0,RS,20251229141500,https://www.plenglish.com/news/2025/12/29/russia-and-china-want-to-cooperate-in-ai-and-aviation-electronics/
1281386664,20251229,202512,2025,2025.9836,CHN,CHINA,CHN,,,,,,,,RUS,RUSSIA,RUS,,,,,,,,1,057, Sign formal agreement,057,05,1,8.0,2,1,2,2.61437908496732,1,China,CH,CH,,35.0,105.0,CH,1,China,CH,CH,,35.0,105.0,CH,1,China,CH,CH,,35.0,105.0,CH,20251229141500,https://www.plenglish.com/news/2025/12/29/russia-and-china-want-to-cooperate-in-ai-and-aviation-electronics/
1281386665,20251229,202512,2025,2025.9836,CHN,CHINA,CHN,,,,,,,,RUS,RUSSIA,RUS,,,,,,,,1,057, Sign formal agreement,057,05,1,8.0,8,1,8,2.61437908496732,1,China,CH,CH,,35.0,105.0,CH,1,Russia,RS,RS,,60.0,100.0,RS,1,China,CH,CH,,35.0,105.0,CH,20251229141500,https://www.plenglish.com/news/2025/12/29/russia-and-china-want-to-cooperate-in-ai-and-aviation-electronics/
1281387231,20251229,202512,2025,2025.9836,RUS,RUSSIA,RUS,,,,,,,,CHN,CHINA,CHN,,,,,,,,1,030," Express intent to cooperate, not specified below",030,03,1,4.0,10,1,10,2.61437908496732,1,China,CH,CH,,35.0,105.0,CH,1,China,CH,CH,,35.0,105.0,CH,1,China,CH,CH,,35.0,105.0,CH,20251229141500,https://www.plenglish.com/news/2025/12/29/russia-and-china-want-to-cooperate-in-ai-and-aviation-electronics/
1281387232,20251229,202512,2025,2025.9836,RUS,RUSSIA,RUS,,,,,,,,CHN,CHINA,CHN,,,,,,,,1,057, Sign formal agreement,057,05,1,8.0,2,1,2,2.61437908496732,1,China,CH,CH,,35.0,105.0,CH,1,China,CH,CH,,35.0,105.0,CH,1,China,CH,CH,,35.0,105.0,CH,20251229141500,https://www.plenglish.com/news/2025/12/29/russia-and-china-want-to-cooperate-in-ai-and-aviation-electronics/
1281387233,20251229,202512,2025,2025.9836,RUS,RUSSIA,RUS,,,,,,,,CHN,CHINA,CHN,,,,,,,,1,057, Sign formal agreement,057,05,1,8.0,8,1,8,2.61437908496732,1,Russia,RS,RS,,60.0,100.0,RS,1,China,CH,CH,,35.0,105.0,CH,1,China,CH,CH,,35.0,105.0,CH,20251229141500,https://www.plenglish.com/news/2025/12/29/russia-and-china-want-to-cooperate-in-ai-and-aviation-electronics/
1281390253,20251229,202512,2025,2025.9836,CHN,CHINA,CHN,,,,,,,,RUS,RUSSIA,RUS,,,,,,,,0,051, Praise or endorse,051,05,1,3.4,2,1,2,1.55763239875389,4,"Taiwan Strait, Taiwan (general), Taiwan",TW,TW00,,24.0,119.0,-2637942,4,"Lin Jian, Shanghai, China",CH,CH23,13243,30.9348,121.026,10861193,4,"Lin Jian, Shanghai, China",CH,CH23,13243,30.9348,121.026,10861193,20251229144500,https://sl.china-embassy.gov.cn/eng/fyrth/202512/t20251229_11789802.htm
1281390254,20251229,202512,2025,2025.9836,CHN,CHINA,CHN,,,,,,,,RUS,RUSSIA,RUS,,,,,,,,0,051, Praise or endorse,051,05,1,3.4,2,1,2,1.55763239875389,4,"Lin Jian, Shanghai, China",CH,CH23,13243,30.9348,121.026,10861193,4,"Lin Jian, Shanghai, China",CH,CH23,13243,30.9348,121.026,10861193,4,"Lin Jian, Shanghai, China",CH,CH23,13243,30.9348,121.026,10861193,20251229144500,https://sl.china-embassy.gov.cn/eng/fyrth/202512/t20251229_11789802.htm
1281390255,20251229,202512,2025,2025.9836,CHN,CHINA,CHN,,,,,,,,RUS,RUSSIA,RUS,,,,,,,,0,051, Praise or endorse,051,05,1,3.4,6,1,6,1.55763239875389,4,"Lin Jian, Shanghai, China",CH,CH23,13243,30.9348,121.026,10861193,1,Russia,RS,RS,,60.0,100.0,RS,4,"Lin Jian, Shanghai, China",CH,CH23,13243,30.9348,121.026,10861193,20251229144500,https://sl.china-embassy.gov.cn/eng/fyrth/202512/t20251229_11789802.htm
1281413242,20251229,202512,2025,2025.9836,CHN,CHINA,CHN,,,,,,,,RUS,RUSSIAN,RUS,,,,,,,,1,172," Impose administrative sanctions, not specified below",172,17,4,-5.0,4,1,4,-6.13313388182498,4,"Shanghai, Shanghai, China",CH,CH23,13243,31.2222,121.458,-1924465,4,"Moscow, Moskva, Russia",RS,RS48,25106,55.7522,37.6156,-2960561,4,"Shanghai, Shanghai, China",CH,CH23,13243,31.2222,121.458,-1924465,20251229174500,https://www.forbes.com/sites/arielcohen/2025/12/29/decline-top-five-2025-developments-in-russian-energy/
1281413243,20251229,202512,2025,2025.9836,CHN,CHINA,CHN,,,,,,,,RUS,RUSSIAN,RUS,,,,,,,,1,172," Impose administrative sanctions, not specified below",172,17,4,-5.0,1,1,1,-6.13313388182498,4,"Moscow, Moskva, Russia",RS,RS48,25106,55.7522,37.6156,-2960561,4,"Moscow, Moskva, Russia",RS,RS48,25106,55.7522,37.6156,-2960561,4,"Moscow, Moskva, Russia",RS,RS48,25106,55.7522,37.6156,-2960561,20251229174500,https://www.forbes.com/sites/arielcohen/2025/12/29/decline-top-five-2025-developments-in-russian-energy/
1281413244,20251229,202512,2025,2025.9836,CHN,CHINA,CHN,,,,,,,,RUS,RUSSIAN,RUS,,,,,,,,1,172," Impose administrative sanctions, not specified below",172,17,4,-5.0,4,1,4,-6.13313388182498,4,"Akkuyu, Adiyaman, Turkey",TU,TU02,27469,37.7167,38.0,-734061,4,"Akkuyu, Adiyaman, Turkey",TU,TU02,27469,37.7167,38.0,-734061,4,"Akkuyu, Adiyaman, Turkey",TU,TU02,27469,37.7167,38.0,-734061,20251229174500,https://www.forbes.com/sites/arielcohen/2025/12/29/decline-top-five-2025-developments-in-russian-energy/
1281413245,20251229,202512,2025,2025.9836,CHN,CHINA,CHN,,,,,,,,RUS,RUSSIAN,RUS,,,,,,,,1,172," Impose administrative sanctions, not specified below",172,17,4,-5.0,1,1,1,-6.13313388182498,1,Bangladesh,BG,BG,,24.0,90.0,BG,4,"Moscow, Moskva, Russia",RS,RS48,25106,55.7522,37.6156,-2960561,1,Bangladesh,BG,BG,,24.0,90.0,BG,20251229174500,https://www.forbes.com/sites/arielcohen/2025/12/29/decline-top-five-2025-developments-in-russian-energy/
1281465165,20251230,202512,2025,2025.9863,RUS,RUSSIA,RUS,,,,,,,,CHN,CHINESE,CHN,,,,,,,,1,010," Make statement, not specified below",010,01,1,0.0,2,1,2,1.08695652173913,1,Russia,RS,RS,,60.0,100.0,RS,4,"Gaza, Israel (general), Israel",IS,IS00,18315,31.4167,34.3333,-797156,1,West Bank,WE,WE,,31.666667,35.25,WE,20251230013000,https://www.sdjewishworld.com/2025/12/29/satire-trumps-trust/
1281465166,20251230,202512,2025,2025.9863,RUS,RUSSIA,RUS,,,,,,,,CHN,CHINESE,CHN,,,,,,,,1,010," Make statement, not specified below",010,01,1,0.0,2,1,2,1.08695652173913,1,Russia,RS,RS,,60.0,100.0,RS,1,China,CH,CH,,35.0,105.0,CH,1,China,CH,CH,,35.0,105.0,CH,20251230013000,https://www.sdjewishworld.com/2025/12/29/satire-trumps-trust/
1281473342,20251230,202512,2025,2025.9863,CHN,CHINESE,CHN,,,,,,,,RUS,RUSSIA,RUS,,,,,,,,0,057, Sign formal agreement,057,05,1,8.0,1,1,1,-3.62014690451206,4,"Beijing, Beijing, China",CH,CH22,13001,39.9289,116.388,-1898541,4,"Tohoku, Sakhalinskaya Oblast', Russia",RS,RS64,25093,46.4333,141.883,-2939209,3,"San Francisco, California, United States",US,USCA,,37.7749,-122.419,277593,20251230030000,https://www.hani.co.kr/arti/english_edition/e_international/1237159.html
1281473343,20251230,202512,2025,2025.9863,CHN,CHINESE,CHN,,,,,,,,RUS,RUSSIA,RUS,,,,,,,,0,057, Sign formal agreement,057,05,1,8.0,1,1,1,-3.62014690451206,3,"San Francisco, California, United States",US,USCA,CA075,37.7749,-122.419,277593,3,"San Francisco, California, United States",US,USCA,,37.7749,-122.419,277593,4,"Beijing, Beijing, China",CH,CH22,13001,39.9289,116.388,-1898541,20251230030000,https://www.hani.co.kr/arti/english_edition/e_international/1237159.html
1281473805,20251230,202512,2025,2025.9863,RUS,RUSSIA,RUS,,,,,,,,CHN,CHINESE,CHN,,,,,,,,0,057, Sign formal agreement,057,05,1,8.0,1,1,1,-3.62014690451206,4,"Tohoku, Sakhalinskaya Oblast', Russia",RS,RS64,25093,46.4333,141.883,-2939209,4,"Beijing, Beijing, China",CH,CH22,13001,39.9289,116.388,-1898541,3,"San Francisco, California, United States",US,USCA,,37.7749,-122.419,277593,20251230030000,https://www.hani.co.kr/arti/english_edition/e_international/1237159.html
1281473806,20251230,202512,2025,2025.9863,RUS,RUSSIA,RUS,,,,,,,,CHN,CHINESE,CHN,,,,,,,,0,057, Sign formal agreement,057,05,1,8.0,1,1,1,-3.62014690451206,3,"San Francisco, California, United States",US,USCA,CA075,37.7749,-122.419,277593,3,"San Francisco, California, United States",US,USCA,,37.7749,-122.419,277593,4,"Beijing, Beijing, China",CH,CH22,13001,39.9289,116.388,-1898541,20251230030000,https://www.hani.co.kr/arti/english_edition/e_international/1237159.html
1281476132,20251230,202512,2025,2025.9863,CHN,CHINA,CHN,,,,,,,,RUS,RUSSIAN,RUS,,,,,,,,1,0311, Express intent to cooperate economically,031,03,1,5.2,1,1,1,-4.54545454545455,4,"Beihai, Guangxi, China",CH,CH16,13053,21.4833,109.1,-1898501,4,"Beihai, Guangxi, China",CH,CH16,13053,21.4833,109.1,-1898501,4,"Beihai, Guangxi, China",CH,CH16,13053,21.4833,109.1,-1898501,20251230033000,https://slguardian.org/chinas-shadow-lng-fleet-keeps-russian-gas-flowing-despite-western-sanctions/
1281476133,20251230,202512,2025,2025.9863,CHN,CHINA,CHN,,,,,,,,RUS,RUSSIAN,RUS,,,,,,,,1,0311, Express intent to cooperate economically,031,03,1,5.2,1,1,1,-4.54545454545455,4,"Beihai, Guangxi, China",CH,CH16,13053,21.4833,109.1,-1898501,4,"Moscow, Moskva, Russia",RS,RS48,25106,55.7522,37.6156,-2960561,4,"Moscow, Moskva, Russia",RS,RS48,25106,55.7522,37.6156,-2960561,20251230033000,https://slguardian.org/chinas-shadow-lng-fleet-keeps-russian-gas-flowing-despite-western-sanctions/
1281474672,20251230,202512,2025,2025.9863,CHN,CHINA,CHN,,,,,,,,RUS,RUSSIA,RUS,,,,,,,,1,051, Praise or endorse,051,05,1,3.4,5,1,5,0.54945054945055,4,"Lima, Lima, Peru",PE,PE15,91841,-12.05,-77.05,-352647,4,"Lima, Lima, Peru",PE,PE15,91841,-12.05,-77.05,-352647,4,"Lima, Lima, Peru",PE,PE15,91841,-12.05,-77.05,-352647,20251230031500,https://newsroompanama.com/2025/12/29/shamans-in-peru-predict-that-nicolas-maduro-will-leave-power-in-venezuela-in-2026/
1281474673,20251230,202512,2025,2025.9863,CHN,CHINESE,CHN,,,,,,,,RUS,RUSSIAN,RUS,,,,,,,,0,195, Employ aerial weapons,195,19,4,-10.0,1,1,1,0.18214936247723,4,"Beijing, Beijing, China",CH,CH22,13001,39.9289,116.388,-1898541,4,"Beijing, Beijing, China",CH,CH22,13001,39.9289,116.388,-1898541,4,"Beijing, Beijing, China",CH,CH22,13001,39.9289,116.388,-1898541,20251230031500,https://www.livemint.com/global/chinas-push-to-master-the-arctic-opens-an-alarming-shortcut-to-us-11767060978937.html
1281474674,20251230,202512,2025,2025.9863,CHN,CHINESE,CHN,,,,,,,,RUS,RUSSIAN,RUS,,,,,,,,0,195, Employ aerial weapons,195,19,4,-10.0,1,1,1,0.18214936247723,4,"Beijing, Beijing, China",CH,CH22,13001,39.9289,116.388,-1898541,4,"Moscow, Moskva, Russia",RS,RS48,25106,55.7522,37.6156,-2960561,4,"Moscow, Moskva, Russia",RS,RS48,25106,55.7522,37.6156,-2960561,20251230031500,https://www.livemint.com/global/chinas-push-to-master-the-arctic-opens-an-alarming-shortcut-to-us-11767060978937.html
1281475243,20251230,202512,2025,2025.9863,RUS,RUSSIA,RUS,,,,,,,,CHN,CHINA,CHN,,,,,,,,0,160," Reduce relations, not specified below",160,16,4,-4.0,4,1,4,-2.7972027972028,4,"Moscow, Moskva, Russia",RS,RS48,25106,55.7522,37.6156,-2960561,4,"Beijing, Beijing, China",CH,CH22,13001,39.9289,116.388,-1898541,4,"Moscow, Moskva, Russia",RS,RS48,25106,55.7522,37.6156,-2960561,20251230031500,https://www.webpronews.com/russias-alleged-pellet-weapon-targets-starlink-satellites-in-ukraine-war/
1281475244,20251230,202512,2025,2025.9863,RUS,RUSSIA,RUS,,,,,,,,CHN,CHINA,CHN,,,,,,,,0,160," Reduce relations, not specified below",160,16,4,-4.0,1,1,1,-2.7972027972028,4,"Moscow, Moskva, Russia",RS,RS48,25106,55.7522,37.6156,-2960561,4,"Moscow, Moskva, Russia",RS,RS48,25106,55.7522,37.6156,-2960561,4,"Moscow, Moskva, Russia",RS,RS48,25106,55.7522,37.6156,-2960561,20251230031500,https://www.webpronews.com/russias-alleged-pellet-weapon-targets-starlink-satellites-in-ukraine-war/
1281482073,20251230,202512,2025,2025.9863,RUS,RUSSIA,RUS,,,,,,,,CHN,CHINESE,CHN,,,,,,,,0,110," Disapprove, not specified below",110,11,3,-2.0,3,1,3,-6.88086437304525,4,"Moscow, Moskva, Russia",RS,RS48,25106,55.7522,37.6156,-2960561,1,China,CH,CH,,35.0,105.0,CH,1,Greece,GR,GR,,39.0,22.0,GR,20251230044500,https://www.lewrockwell.com/2025/12/no_author/european-russophobia-and-europes-rejection-of-peace-a-two-century-failure/
1281489153,20251230,202512,2025,2025.9863,CHNGOV,CHINA,CHN,,,,,GOV,,,RUS,RUSSIA,RUS,,,,,,,,1,050," Engage in diplomatic cooperation, not specified below",050,05,1,3.5,2,1,2,-7.58754863813227,4,"Moscow, Moskva, Russia",RS,RS48,25106,55.7522,37.6156,-2960561,4,"Kyiv, Kyyiv, Misto, Ukraine",UP,UP12,28554,50.4333,30.5167,-1044367,4,"Kyiv, Kyyiv, Misto, Ukraine",UP,UP12,28554,50.4333,30.5167,-1044367,20251230061500,https://www.geo.tv/latest/642195-grave-threat-to-peace-pm-shehbaz-condemns-reported-attack-on-putins-residence
1281489154,20251230,202512,2025,2025.9863,CHNGOV,CHINA,CHN,,,,,GOV,,,RUSGOV,VLADIMIR PUTIN,RUS,,,,,GOV,,,1,111, Criticize or denounce ,111,11,3,-2.0,1,1,1,-7.58754863813227,4,"Shanghai, Shanghai, China",CH,CH23,13243,31.2222,121.458,-1924465,4,"Shanghai, Shanghai, China",CH,CH23,13243,31.2222,121.458,-1924465,4,"Shanghai, Shanghai, China",CH,CH23,13243,31.2222,121.458,-1924465,20251230061500,https://www.geo.tv/latest/642195-grave-threat-to-peace-pm-shehbaz-condemns-reported-attack-on-putins-residence
1281489620,20251230,202512,2025,2025.9863,RUS,RUSSIA,RUS,,,,,,,,CHN,CHINA,CHN,,,,,,,,0,180," Use unconventional violence, not specified below",180,18,4,-9.0,2,1,2,-3.1841255191509,4,"Islamabad, Islamabad, Pakistan",PK,PK08,23674,33.7,73.1667,-2762812,4,"Islamabad, Islamabad, Pakistan",PK,PK08,23674,33.7,73.1667,-2762812,4,"Islamabad, Islamabad, Pakistan",PK,PK08,23674,33.7,73.1667,-2762812,20251230061500,https://www.firstpost.com/opinion/volatile-transactional-world-order-indian-diplomacy-2025-13963914.html
1281489621,20251230,202512,2025,2025.9863,RUS,RUSSIA,RUS,,,,,,,,CHN,CHINA,CHN,,,,,,,,0,180," Use unconventional violence, not specified below",180,18,4,-9.0,6,1,6,-3.1841255191509,4,"Kremlin, Moskva, Russia",RS,RS48,25106,55.7522,37.6156,-2960561,4,"Beijing, Beijing, China",CH,CH22,13001,39.9289,116.388,-1898541,4,"New Delhi, Delhi, India",IN,IN07,17911,28.6,77.2,-2106102,20251230061500,https://www.firstpost.com/opinion/volatile-transactional-world-order-indian-diplomacy-2025-13963914.html
1281489622,20251230,202512,2025,2025.9863,RUS,RUSSIA,RUS,,,,,,,,CHN,CHINA,CHN,,,,,,,,0,180," Use unconventional violence, not specified below",180,18,4,-9.0,2,1,2,-3.1841255191509,4,"Kremlin, Moskva, Russia",RS,RS48,25106,55.7522,37.6156,-2960561,4,"Kremlin, Moskva, Russia",RS,RS48,25106,55.7522,37.6156,-2960561,4,"Islamabad, Islamabad, Pakistan",PK,PK08,23674,33.7,73.1667,-2762812,20251230061500,https://www.firstpost.com/opinion/volatile-transactional-world-order-indian-diplomacy-2025-13963914.html
1281493274,20251230,202512,2025,2025.9863,CHN,CHINA,CHN,,,,,,,,RUS,RUSSIA,RUS,,,,,,,,0,020," Appeal, not specified below",020,02,1,3.0,2,1,2,-1.97585071350164,1,China,CH,CH,,35.0,105.0,CH,1,Russia,RS,RS,,60.0,100.0,RS,4,"Gaza, Israel (general), Israel",IS,IS00,18315,31.4167,34.3333,-797156,20251230070000,https://countercurrents.org/2025/12/diplomatic-talks-on-peace-ceasefires-just-illusions-rhetoric/
1281493275,20251230,202512,2025,2025.9863,CHN,CHINA,CHN,,,,,,,,RUS,RUSSIA,RUS,,,,,,,,0,020," Appeal, not specified below",020,02,1,3.0,6,1,6,-1.97585071350164,1,China,CH,CH,,35.0,105.0,CH,1,Russia,RS,RS,,60.0,100.0,RS,1,Russia,RS,RS,,60.0,100.0,RS,20251230070000,https://countercurrents.org/2025/12/diplomatic-talks-on-peace-ceasefires-just-illusions-rhetoric/
1281493276,20251230,202512,2025,2025.9863,CHN,CHINA,CHN,,,,,,,,RUS,RUSSIA,RUS,,,,,,,,0,020," Appeal, not specified below",020,02,1,3.0,2,1,2,-1.97585071350164,1,Russia,RS,RS,,60.0,100.0,RS,1,Russia,RS,RS,,60.0,100.0,RS,4,"Gaza, Israel (general), Israel",IS,IS00,18315,31.4167,34.3333,-797156,20251230070000,https://countercurrents.org/2025/12/diplomatic-talks-on-peace-ceasefires-just-illusions-rhetoric/
1281493277,20251230,202512,2025,2025.9863,CHN,CHINA,CHN,,,,,,,,RUS,RUSSIA,RUS,,,,,,,,1,163, Halt negotiations,163,16,4,-8.0,4,1,4,-1.03359173126615,4,"Kunpeng, Guangdong, China",CH,CH30,13034,21.9516,112.792,11288883,4,"Portovaya, Irkutskaya Oblast', Russia",RS,RS20,25066,56.1092,101.588,11286153,4,"Portovaya, Irkutskaya Oblast', Russia",RS,RS20,25066,56.1092,101.588,11286153,20251230070000,https://www.bloomberg.com/graphics/2025-china-russia-lng-shadow-fleet/
1281505181,20251230,202512,2025,2025.9863,CHN,CHINA,CHN,,,,,,,,RUS,RUSSIA,RUS,,,,,,,,1,043, Host a visit,043,04,1,2.8,1,1,1,3.34029227557411,4,"Shanghai, Shanghai, China",CH,CH23,13243,31.2222,121.458,-1924465,1,Russia,RS,RS,,60.0,100.0,RS,1,Russia,RS,RS,,60.0,100.0,RS,20251230090000,https://astanatimes.com/2025/12/kazakhstan-ends-2025-stronger-at-home-and-more-visible-abroad/
1281505182,20251230,202512,2025,2025.9863,CHN,CHINA,CHN,,,,,,,,RUS,RUSSIA,RUS,,,,,,,,1,043, Host a visit,043,04,1,2.8,1,1,1,3.34029227557411,1,Russia,RS,RS,,60.0,100.0,RS,1,Russia,RS,RS,,60.0,100.0,RS,1,Russia,RS,RS,,60.0,100.0,RS,20251230090000,https://astanatimes.com/2025/12/kazakhstan-ends-2025-stronger-at-home-and-more-visible-abroad/
1281505585,20251230,202512,2025,2025.9863,RUS,RUSSIA,RUS,,,,,,,,CHN,CHINA,CHN,,,,,,,,1,042, Make a visit,042,04,1,1.9,1,1,1,3.34029227557411,4,"Shanghai, Shanghai, China",CH,CH23,13243,31.2222,121.458,-1924465,4,"Munich, Bayern, Germany",GM,GM02,16532,48.15,11.5833,-1829149,4,"Shanghai, Shanghai, China",CH,CH23,13243,31.2222,121.458,-1924465,20251230090000,https://astanatimes.com/2025/12/kazakhstan-ends-2025-stronger-at-home-and-more-visible-abroad/
1281505586,20251230,202512,2025,2025.9863,RUS,RUSSIA,RUS,,,,,,,,CHN,CHINA,CHN,,,,,,,,1,042, Make a visit,042,04,1,1.9,1,1,1,3.34029227557411,4,"Astana, Gorod Astana, Kazakhstan",KZ,KZ05,37174,51.1811,71.4278,-2334218,4,"Kyzylzhar, Kazakhstan (general), Kazakhstan",KZ,KZ00,37177,50.4333,62.0167,-2340761,4,"Astana, Gorod Astana, Kazakhstan",KZ,KZ05,37174,51.1811,71.4278,-2334218,20251230090000,https://astanatimes.com/2025/12/kazakhstan-ends-2025-stronger-at-home-and-more-visible-abroad/
1281503423,20251230,202512,2025,2025.9863,CHN,CHINESE,CHN,,,,,,,,RUS,RUSSIAN,RUS,,,,,,,,0,195, Employ aerial weapons,195,19,4,-10.0,1,1,1,0.1837109614207,4,"Beijing, Beijing, China",CH,CH22,13001,39.9289,116.388,-1898541,4,"Beijing, Beijing, China",CH,CH22,13001,39.9289,116.388,-1898541,1,France,FR,FR,,46.0,2.0,FR,20251230084500,https://www.hindustantimes.com/world-news/chinas-push-to-master-the-arctic-opens-an-alarming-shortcut-to-us-101767071553319.html
1281514291,20251230,202512,2025,2025.9863,CHN,CHINA,CHN,,,,,,,,RUS,RUSSIA,RUS,,,,,,,,1,010," Make statement, not specified below",010,01,1,0.0,8,1,8,-4.6692607003891,1,Russia,RS,RS,,60.0,100.0,RS,1,Russia,RS,RS,,60.0,100.0,RS,1,Russia,RS,RS,,60.0,100.0,RS,20251230103000,https://www.newsweek.com/russia-ukraine-live-updates-drone-strike-putin-home-trump-peace-plan-11282847
1281514292,20251230,202512,2025,2025.9863,CHN,CHINA,CHN,,,,,,,,RUS,RUSSIA,RUS,,,,,,,,1,010," Make statement, not specified below",010,01,1,0.0,2,1,2,-4.6692607003891,1,Ukraine,UP,UP,,49.0,32.0,UP,1,Russia,RS,RS,,60.0,100.0,RS,1,Russia,RS,RS,,60.0,100.0,RS,20251230103000,https://www.newsweek.com/russia-ukraine-live-updates-drone-strike-putin-home-trump-peace-plan-11282847
1281532073,20251230,202512,2025,2025.9863,RUS,RUSSIAN,RUS,,,,,,,,CHN,BEIJING,CHN,,,,,,,,1,051, Praise or endorse,051,05,1,3.4,2,1,2,-4.07239819004525,3,"Washington, District of Columbia, United States",US,USDC,DC001,38.8951,-77.0364,531871,3,"Washington, District of Columbia, United States",US,USDC,DC001,38.8951,-77.0364,531871,3,"Washington, District of Columbia, United States",US,USDC,DC001,38.8951,-77.0364,531871,20251230130000,https://www.naturalnews.com/2025-12-30-lavrov-russia-will-back-china-on-taiwan.html
1281533357,20251230,202512,2025,2025.9863,CHNGOV,CHINESE,CHN,,,,,GOV,,,RUS,RUSSIA,RUS,,,,,,,,0,042, Make a visit,042,04,1,1.9,8,1,8,-2.81329923273657,4,"Beijing, Beijing, China",CH,CH22,13001,39.9289,116.388,-1898541,1,Russia,RS,RS,,60.0,100.0,RS,4,"Beijing, Beijing, China",CH,CH22,13001,39.9289,116.388,-1898541,20251230131500,https://www.spacewar.com/afp/251230083235.p5r08vg8.html
1281533358,20251230,202512,2025,2025.9863,CHNGOV,CHINA,CHN,,,,,GOV,,,RUS,RUSSIA,RUS,,,,,,,,0,042, Make a visit,042,04,1,1.9,2,1,2,-2.81329923273657,4,"Taipei, T'ai-pei, Taiwan",TW,TW03,13277,25.0478,121.532,-2637882,4,"Beijing, Beijing, China",CH,CH22,13001,39.9289,116.388,-1898541,4,"Beijing, Beijing, China",CH,CH22,13001,39.9289,116.388,-1898541,20251230131500,https://www.spacewar.com/afp/251230083235.p5r08vg8.html
1281533919,20251230,202512,2025,2025.9863,RUS,RUSSIA,RUS,,,,,,,,CHNGOV,CHINA,CHN,,,,,GOV,,,0,043, Host a visit,043,04,1,2.8,2,1,2,-2.81329923273657,4,"Beijing, Beijing, China",CH,CH22,13001,39.9289,116.388,-1898541,4,"Taipei, T'ai-pei, Taiwan",TW,TW03,13277,25.0478,121.532,-2637882,4,"Beijing, Beijing, China",CH,CH22,13001,39.9289,116.388,-1898541,20251230131500,https://www.spacewar.com/afp/251230083235.p5r08vg8.html
1281533920,20251230,202512,2025,2025.9863,RUS,RUSSIA,RUS,,,,,,,,CHNGOV,CHINESE,CHN,,,,,GOV,,,0,043, Host a visit,043,04,1,2.8,8,1,8,-2.81329923273657,1,Russia,RS,RS,,60.0,100.0,RS,4,"Beijing, Beijing, China",CH,CH22,13001,39.9289,116.388,-1898541,4,"Beijing, Beijing, China",CH,CH22,13001,39.9289,116.388,-1898541,20251230131500,https://www.spacewar.com/afp/251230083235.p5r08vg8.html
1281535999,20251230,202512,2025,2025.9863,RUS,RUSSIA,RUS,,,,,,,,CHN,CHINA,CHN,,,,,,,,1,061, Cooperate economically,061,06,2,6.4,20,1,10,0.0,1,Russia,RS,RS,,60.0,100.0,RS,1,China,CH,CH,,35.0,105.0,CH,1,China,CH,CH,,35.0,105.0,CH,20251230133000,https://www.intrafish.com/fisheries/russia-raises-its-value-of-2025-seafood-export-to-china-amid-high-pollock-prices/2-1-1921762
1281550202,20251230,202512,2025,2025.9863,CHN,CHINA,CHN,,,,,,,,RUS,RUSSIA,RUS,,,,,,,,0,051, Praise or endorse,051,05,1,3.4,2,1,2,0.91743119266055,4,"Republic Of China, Taiwan (general), Taiwan",TW,TW00,13277,24.0,121.0,-2637939,4,"Lin Jian, Shanghai, China",CH,CH23,13243,30.9348,121.026,10861193,4,"Lin Jian, Shanghai, China",CH,CH23,13243,30.9348,121.026,10861193,20251230153000,https://www.globalsecurity.org/wmd/library/news/china/2025/12/china-251229-prc-mofab01.htm
1281550203,20251230,202512,2025,2025.9863,CHN,CHINA,CHN,,,,,,,,RUS,RUSSIA,RUS,,,,,,,,0,051, Praise or endorse,051,05,1,3.4,2,1,2,0.91743119266055,4,"Lin Jian, Shanghai, China",CH,CH23,13243,30.9348,121.026,10861193,4,"Lin Jian, Shanghai, China",CH,CH23,13243,30.9348,121.026,10861193,4,"Lin Jian, Shanghai, China",CH,CH23,13243,30.9348,121.026,10861193,20251230153000,https://www.globalsecurity.org/wmd/library/news/china/2025/12/china-251229-prc-mofab01.htm
1281550204,20251230,202512,2025,2025.9863,CHN,CHINA,CHN,,,,,,,,RUS,RUSSIA,RUS,,,,,,,,0,051, Praise or endorse,051,05,1,3.4,6,1,6,0.91743119266055,4,"Lin Jian, Shanghai, China",CH,CH23,13243,30.9348,121.026,10861193,1,Russia,RS,RS,,60.0,100.0,RS,4,"Lin Jian, Shanghai, China",CH,CH23,13243,30.9348,121.026,10861193,20251230153000,https://www.globalsecurity.org/wmd/library/news/china/2025/12/china-251229-prc-mofab01.htm
1281557986,20251230,202512,2025,2025.9863,CHNGOV,CHINA,CHN,,,,,GOV,,,RUS,RUSSIA,RUS,,,,,,,,0,042, Make a visit,042,04,1,1.9,2,1,2,0.0986193293885598,4,"Shanghai, Shanghai, China",CH,CH23,13243,31.2222,121.458,-1924465,4,"Moscow, Moskva, Russia",RS,RS48,25106,55.7522,37.6156,-2960561,4,"Shanghai, Shanghai, China",CH,CH23,13243,31.2222,121.458,-1924465,20251230163000,http://www.singaporestar.com/news/278782728/india-and-russia-turn-2025-upheaval-into-a-new-power-script
1281558547,20251230,202512,2025,2025.9863,RUS,RUSSIA,RUS,,,,,,,,CHNGOV,CHINA,CHN,,,,,GOV,,,0,043, Host a visit,043,04,1,2.8,2,1,2,0.0986193293885598,4,"Moscow, Moskva, Russia",RS,RS48,25106,55.7522,37.6156,-2960561,4,"Shanghai, Shanghai, China",CH,CH23,13243,31.2222,121.458,-1924465,4,"Shanghai, Shanghai, China",CH,CH23,13243,31.2222,121.458,-1924465,20251230163000,http://www.singaporestar.com/news/278782728/india-and-russia-turn-2025-upheaval-into-a-new-power-script
1281571917,20251230,202512,2025,2025.9863,CHNGOV,XI JINPING,CHN,,,,,GOV,,,RUSGOV,VLADIMIR PUTIN,RUS,,,,,GOV,,,1,050," Engage in diplomatic cooperation, not specified below",050,05,1,3.5,4,1,4,0.27855153203342,1,United States,US,US,,39.828175,-98.5795,US,1,United States,US,US,,39.828175,-98.5795,US,1,United States,US,US,,39.828175,-98.5795,US,20251230183000,https://www.smh.com.au/world/north-america/trump-has-just-sacked-30-ambassadors-the-consequences-for-australia-are-profound-20251229-p5nqjx.html
1281572436,20251230,202512,2025,2025.9863,RUSGOV,VLADIMIR PUTIN,RUS,,,,,GOV,,,CHNGOV,XI JINPING,CHN,,,,,GOV,,,1,050," Engage in diplomatic cooperation, not specified below",050,05,1,3.5,3,1,3,0.27855153203342,1,United States,US,US,,39.828175,-98.5795,US,1,United States,US,US,,39.828175,-98.5795,US,1,United States,US,US,,39.828175,-98.5795,US,20251230183000,https://www.smh.com.au/world/north-america/trump-has-just-sacked-30-ambassadors-the-consequences-for-australia-are-profound-20251229-p5nqjx.html
1281577051,20251230,202512,2025,2025.9863,CHN,CHINA,CHN,,,,,,,,RUS,RUSSIA,RUS,,,,,,,,0,010," Make statement, not specified below",010,01,1,0.0,1,1,1,-2.05278592375367,4,"Beijing, Beijing, China",CH,CH22,13001,39.9289,116.388,-1898541,4,"Beijing, Beijing, China",CH,CH22,13001,39.9289,116.388,-1898541,4,"Moscow, Moskva, Russia",RS,RS48,25106,55.7522,37.6156,-2960561,20251230191500,https://www.thehindu.com/opinion/lead/a-multipolar-world-with-bipolar-characteristics/article70454051.ece
1281577052,20251230,202512,2025,2025.9863,CHN,CHINA,CHN,,,,,,,,RUS,RUSSIA,RUS,,,,,,,,0,010," Make statement, not specified below",010,01,1,0.0,5,1,5,-2.05278592375367,4,"Moscow, Moskva, Russia",RS,RS48,25106,55.7522,37.6156,-2960561,4,"Moscow, Moskva, Russia",RS,RS48,25106,55.7522,37.6156,-2960561,4,"Moscow, Moskva, Russia",RS,RS48,25106,55.7522,37.6156,-2960561,20251230191500,https://www.thehindu.com/opinion/lead/a-multipolar-world-with-bipolar-characteristics/article70454051.ece
1281577053,20251230,202512,2025,2025.9863,CHN,CHINA,CHN,,,,,,,,RUS,RUSSIA,RUS,,,,,,,,0,010," Make statement, not specified below",010,01,1,0.0,1,1,1,-2.05278592375367,3,"Washington, District of Columbia, United States",US,USDC,DC001,38.8951,-77.0364,531871,3,"Washington, District of Columbia, United States",US,USDC,DC001,38.8951,-77.0364,531871,4,"Beijing, Beijing, China",CH,CH22,13001,39.9289,116.388,-1898541,20251230191500,https://www.thehindu.com/opinion/lead/a-multipolar-world-with-bipolar-characteristics/article70454051.ece
1281594140,20251230,202512,2025,2025.9863,CHN,CHINA,CHN,,,,,,,,RUS,RUSSIA,RUS,,,,,,,,0,030," Express intent to cooperate, not specified below",030,03,1,4.0,2,1,2,-1.6364699006429,4,"Tehran, Tehran, Iran",IR,IR26,41130,35.75,51.5148,10074674,4,"Moscow, Moskva, Russia",RS,RS48,25106,55.7522,37.6156,-2960561,4,"Tehran, Tehran, Iran",IR,IR26,41130,35.75,51.5148,10074674,20251230221500,https://www.washingtoninstitute.org/policy-analysis/irans-failing-eastward-pivot-limits-and-risks-russia-china-alignment
1281594141,20251230,202512,2025,2025.9863,CHN,CHINA,CHN,,,,,,,,RUS,RUSSIA,RUS,,,,,,,,0,057, Sign formal agreement,057,05,1,8.0,8,1,8,-1.6364699006429,4,"Beijing, Beijing, China",CH,CH22,13001,39.9289,116.388,-1898541,4,"Moscow, Moskva, Russia",RS,RS48,25106,55.7522,37.6156,-2960561,4,"Moscow, Moskva, Russia",RS,RS48,25106,55.7522,37.6156,-2960561,20251230221500,https://www.washingtoninstitute.org/policy-analysis/irans-failing-eastward-pivot-limits-and-risks-russia-china-alignment
1281594142,20251230,202512,2025,2025.9863,CHN,CHINA,CHN,,,,,,,,RUS,RUSSIA,RUS,,,,,,,,0,057, Sign formal agreement,057,05,1,8.0,2,1,2,-1.6364699006429,4,"Moscow, Moskva, Russia",RS,RS48,25106,55.7522,37.6156,-2960561,4,"Moscow, Moskva, Russia",RS,RS48,25106,55.7522,37.6156,-2960561,4,"Moscow, Moskva, Russia",RS,RS48,25106,55.7522,37.6156,-2960561,20251230221500,https://www.washingtoninstitute.org/policy-analysis/irans-failing-eastward-pivot-limits-and-risks-russia-china-alignment
1281594572,20251230,202512,2025,2025.9863,RUS,RUSSIA,RUS,,,,,,,,CHN,CHINA,CHN,,,,,,,,0,057, Sign formal agreement,057,05,1,8.0,8,1,8,-1.6364699006429,4,"Moscow, Moskva, Russia",RS,RS48,25106,55.7522,37.6156,-2960561,4,"Beijing, Beijing, China",CH,CH22,13001,39.9289,116.388,-1898541,4,"Moscow, Moskva, Russia",RS,RS48,25106,55.7522,37.6156,-2960561,20251230221500,https://www.washingtoninstitute.org/policy-analysis/irans-failing-eastward-pivot-limits-and-risks-russia-china-alignment
1281594573,20251230,202512,2025,2025.9863,RUS,RUSSIA,RUS,,,,,,,,CHN,CHINA,CHN,,,,,,,,0,057, Sign formal agreement,057,05,1,8.0,2,1,2,-1.6364699006429,4,"Moscow, Moskva, Russia",RS,RS48,25106,55.7522,37.6156,-2960561,4,"Moscow, Moskva, Russia",RS,RS48,25106,55.7522,37.6156,-2960561,4,"Moscow, Moskva, Russia",RS,RS48,25106,55.7522,37.6156,-2960561,20251230221500,https://www.washingtoninstitute.org/policy-analysis/irans-failing-eastward-pivot-limits-and-risks-russia-china-alignment
1281594574,20251230,202512,2025,2025.9863,RUS,RUSSIA,RUS,,,,,,,,CHN,CHINA,CHN,,,,,,,,0,110," Disapprove, not specified below",110,11,3,-2.0,2,1,2,-1.6364699006429,4,"Moscow, Moskva, Russia",RS,RS48,25106,55.7522,37.6156,-2960561,4,"Beijing, Beijing, China",CH,CH22,13001,39.9289,116.388,-1898541,4,"Moscow, Moskva, Russia",RS,RS48,25106,55.7522,37.6156,-2960561,20251230221500,https://www.washingtoninstitute.org/policy-analysis/irans-failing-eastward-pivot-limits-and-risks-russia-china-alignment
1281594575,20251230,202512,2025,2025.9863,RUS,RUSSIA,RUS,,,,,,,,CHN,CHINA,CHN,,,,,,,,0,110," Disapprove, not specified below",110,11,3,-2.0,8,1,8,-1.6364699006429,4,"Tehran, Tehran, Iran",IR,IR26,41130,35.75,51.5148,10074674,4,"Tehran, Tehran, Iran",IR,IR26,41130,35.75,51.5148,10074674,4,"Tehran, Tehran, Iran",IR,IR26,41130,35.75,51.5148,10074674,20251230221500,https://www.washingtoninstitute.org/policy-analysis/irans-failing-eastward-pivot-limits-and-risks-russia-china-alignment
1281608626,20251231,202512,2025,2025.989,CHN,BEIJING,CHN,,,,,,,,RUS,MOSCOW,RUS,,,,,,,,0,057, Sign formal agreement,057,05,1,8.0,4,1,4,0.31847133757962,4,"Beijing, Beijing, China",CH,CH22,13001,39.9289,116.388,-1898541,4,"Moscow, Moskva, Russia",RS,RS48,25106,55.7522,37.6156,-2960561,4,"Moscow, Moskva, Russia",RS,RS48,25106,55.7522,37.6156,-2960561,20251231004500,https://www.shtfplan.com/headline-news/moscow-will-back-china-on-taiwan-conflict
1281608627,20251231,202512,2025,2025.989,CHN,CHINA,CHN,,,,,,,,RUS,RUSSIA,RUS,,,,,,,,0,057, Sign formal agreement,057,05,1,8.0,1,1,1,0.31847133757962,4,"Moscow, Moskva, Russia",RS,RS48,25106,55.7522,37.6156,-2960561,4,"Moscow, Moskva, Russia",RS,RS48,25106,55.7522,37.6156,-2960561,4,"Moscow, Moskva, Russia",RS,RS48,25106,55.7522,37.6156,-2960561,20251231004500,https://www.shtfplan.com/headline-news/moscow-will-back-china-on-taiwan-conflict
1281609308,20251231,202512,2025,2025.989,RUS,MOSCOW,RUS,,,,,,,,CHN,BEIJING,CHN,,,,,,,,0,057, Sign formal agreement,057,05,1,8.0,4,1,4,0.31847133757962,4,"Moscow, Moskva, Russia",RS,RS48,25106,55.7522,37.6156,-2960561,4,"Beijing, Beijing, China",CH,CH22,13001,39.9289,116.388,-1898541,4,"Moscow, Moskva, Russia",RS,RS48,25106,55.7522,37.6156,-2960561,20251231004500,https://www.shtfplan.com/headline-news/moscow-will-back-china-on-taiwan-conflict
1281609309,20251231,202512,2025,2025.989,RUS,RUSSIA,RUS,,,,,,,,CHN,CHINA,CHN,,,,,,,,0,057, Sign formal agreement,057,05,1,8.0,1,1,1,0.31847133757962,4,"Moscow, Moskva, Russia",RS,RS48,25106,55.7522,37.6156,-2960561,4,"Moscow, Moskva, Russia",RS,RS48,25106,55.7522,37.6156,-2960561,4,"Moscow, Moskva, Russia",RS,RS48,25106,55.7522,37.6156,-2960561,20251231004500,https://www.shtfplan.com/headline-news/moscow-will-back-china-on-taiwan-conflict
1281617665,20251231,202512,2025,2025.989,CHN,CHINESE,CHN,,,,,,,,RUS,RUSSIAN,RUS,,,,,,,,0,010," Make statement, not specified below",010,01,1,0.0,1,1,1,-1.74262734584451,1,China,CH,CH,,35.0,105.0,CH,1,Russia,RS,RS,,60.0,100.0,RS,1,Russia,RS,RS,,60.0,100.0,RS,20251231021500,https://www.firstpost.com/explainers/firstup-khaleda-zias-funeral-in-dhaka-and-other-big-news-of-the-day-13964101.html
1281617666,20251231,202512,2025,2025.989,CHN,CHINESE,CHN,,,,,,,,RUS,RUSSIAN,RUS,,,,,,,,0,010," Make statement, not specified below",010,01,1,0.0,1,1,1,-1.74262734584451,1,Pakistan,PK,PK,,30.0,70.0,PK,1,China,CH,CH,,35.0,105.0,CH,1,China,CH,CH,,35.0,105.0,CH,20251231021500,https://www.firstpost.com/explainers/firstup-khaleda-zias-funeral-in-dhaka-and-other-big-news-of-the-day-13964101.html
1281617667,20251231,202512,2025,2025.989,CHN,CHINESE,CHN,,,,,,,,RUSGOV,VLADIMIR PUTIN,RUS,,,,,GOV,,,0,010," Make statement, not specified below",010,01,1,0.0,1,1,1,-1.74262734584451,1,China,CH,CH,,35.0,105.0,CH,1,Russia,RS,RS,,60.0,100.0,RS,1,Russia,RS,RS,,60.0,100.0,RS,20251231021500,https://www.firstpost.com/explainers/firstup-khaleda-zias-funeral-in-dhaka-and-other-big-news-of-the-day-13964101.html
1281617668,20251231,202512,2025,2025.989,CHN,CHINESE,CHN,,,,,,,,RUSGOV,VLADIMIR PUTIN,RUS,,,,,GOV,,,0,010," Make statement, not specified below",010,01,1,0.0,1,1,1,-1.74262734584451,1,Pakistan,PK,PK,,30.0,70.0,PK,1,China,CH,CH,,35.0,105.0,CH,1,China,CH,CH,,35.0,105.0,CH,20251231021500,https://www.firstpost.com/explainers/firstup-khaleda-zias-funeral-in-dhaka-and-other-big-news-of-the-day-13964101.html
1281617671,20251231,202512,2025,2025.989,CHNGOV,CHINESE,CHN,,,,,GOV,,,RUSGOV,RUSSIAN,RUS,,,,,GOV,,,0,010," Make statement, not specified below",010,01,1,0.0,6,1,6,-1.74262734584451,1,China,CH,CH,,35.0,105.0,CH,1,Russia,RS,RS,,60.0,100.0,RS,1,Russia,RS,RS,,60.0,100.0,RS,20251231021500,https://www.firstpost.com/explainers/firstup-khaleda-zias-funeral-in-dhaka-and-other-big-news-of-the-day-13964101.html
1281624461,20251231,202512,2025,2025.989,CHN,BEIJING,CHN,,,,,,,,RUSGOV,RUSSIAN,RUS,,,,,GOV,,,1,051, Praise or endorse,051,05,1,3.4,6,1,6,2.46913580246913,4,"Beijing, Beijing, China",CH,CH22,13001,39.9289,116.388,-1898541,1,Russia,RS,RS,,60.0,100.0,RS,1,Russia,RS,RS,,60.0,100.0,RS,20251231034500,https://english.news.cn/20251231/37fbfe6ee7ea49f4967139d283deed52/c.html
1281622105,20251231,202512,2025,2025.989,CHN,BEIJING,CHN,,,,,,,,RUS,RUSSIAN,RUS,,,,,,,,1,051, Praise or endorse,051,05,1,3.4,4,1,4,4.05405405405405,4,"Beijing, Beijing, China",CH,CH22,13001,39.9289,116.388,-1898541,1,Russia,RS,RS,,60.0,100.0,RS,1,Russia,RS,RS,,60.0,100.0,RS,20251231031500,http://europe.chinadaily.com.cn/a/202512/31/WS6954861da310d6866eb315e1.html
1281622107,20251231,202512,2025,2025.989,CHNGOV,XI JINPING,CHN,,,,,GOV,,,RUS,RUSSIAN,RUS,,,,,,,,1,031," Express intent to engage in material cooperation,  not specified below",031,03,1,5.2,4,1,4,4.05405405405405,4,"Beijing, Beijing, China",CH,CH22,13001,39.9289,116.388,-1898541,4,"Beijing, Beijing, China",CH,CH22,13001,39.9289,116.388,-1898541,4,"Beijing, Beijing, China",CH,CH22,13001,39.9289,116.388,-1898541,20251231031500,http://europe.chinadaily.com.cn/a/202512/31/WS6954861da310d6866eb315e1.html
1281622108,20251231,202512,2025,2025.989,CHNGOV,XI JINPING,CHN,,,,,GOV,,,RUSGOV,RUSSIAN,RUS,,,,,GOV,,,1,031," Express intent to engage in material cooperation,  not specified below",031,03,1,5.2,6,1,6,4.05405405405405,4,"Beijing, Beijing, China",CH,CH22,13001,39.9289,116.388,-1898541,4,"Beijing, Beijing, China",CH,CH22,13001,39.9289,116.388,-1898541,4,"Beijing, Beijing, China",CH,CH22,13001,39.9289,116.388,-1898541,20251231031500,http://europe.chinadaily.com.cn/a/202512/31/WS6954861da310d6866eb315e1.html
1281622109,20251231,202512,2025,2025.989,CHNGOV,BEIJING,CHN,,,,,GOV,,,RUSGOV,RUSSIAN,RUS,,,,,GOV,,,1,051, Praise or endorse,051,05,1,3.4,6,1,6,4.05405405405405,4,"Beijing, Beijing, China",CH,CH22,13001,39.9289,116.388,-1898541,1,Russia,RS,RS,,60.0,100.0,RS,1,Russia,RS,RS,,60.0,100.0,RS,20251231031500,http://europe.chinadaily.com.cn/a/202512/31/WS6954861da310d6866eb315e1.html
1281635046,20251224,202512,2025,2025.9699,RUS,MOSCOW,RUS,,,,,,,,CHN,BEIJING,CHN,,,,,,,,0,051, Praise or endorse,051,05,1,3.4,2,1,2,-0.43763676148797,4,"Moscow, Moskva, Russia",RS,RS48,25106,55.7522,37.6156,-2960561,4,"Beijing, Beijing, China",CH,CH22,13001,39.9289,116.388,-1898541,4,"Beijing, Beijing, China",CH,CH22,13001,39.9289,116.388,-1898541,20251231061500,https://maritime-executive.com/article/china-conducts-live-fire-exercises-in-taiwan-strait
1281635047,20251224,202512,2025,2025.9699,RUS,MOSCOW,RUS,,,,,,,,CHN,CHINA,CHN,,,,,,,,0,0841," Return, release person(s)",084,08,2,7.0,1,1,1,-0.43763676148797,4,"Moscow, Moskva, Russia",RS,RS48,25106,55.7522,37.6156,-2960561,4,"Beijing, Beijing, China",CH,CH22,13001,39.9289,116.388,-1898541,4,"Beijing, Beijing, China",CH,CH22,13001,39.9289,116.388,-1898541,20251231061500,https://maritime-executive.com/article/china-conducts-live-fire-exercises-in-taiwan-strait
1281635048,20251224,202512,2025,2025.9699,RUS,MOSCOW,RUS,,,,,,,,CHN,CHINA,CHN,,,,,,,,0,0841," Return, release person(s)",084,08,2,7.0,1,1,1,-0.43763676148797,4,"Moscow, Moskva, Russia",RS,RS48,25106,55.7522,37.6156,-2960561,4,"Beijing, Beijing, China",CH,CH22,13001,39.9289,116.388,-1898541,4,"Taiwan Strait, Taiwan (general), Taiwan",TW,TW00,,24.0,119.0,-2637942,20251231061500,https://maritime-executive.com/article/china-conducts-live-fire-exercises-in-taiwan-strait
1281635049,20251224,202512,2025,2025.9699,RUSGOV,RUSSIA,RUS,,,,,GOV,,,CHN,BEIJING,CHN,,,,,,,,0,050," Engage in diplomatic cooperation, not specified below",050,05,1,3.5,2,1,2,-0.43763676148797,4,"Moscow, Moskva, Russia",RS,RS48,25106,55.7522,37.6156,-2960561,4,"Beijing, Beijing, China",CH,CH22,13001,39.9289,116.388,-1898541,4,"Beijing, Beijing, China",CH,CH22,13001,39.9289,116.388,-1898541,20251231061500,https://maritime-executive.com/article/china-conducts-live-fire-exercises-in-taiwan-strait
1281635570,20251231,202512,2025,2025.989,RUS,RUSSIA,RUS,,,,,,,,CHN,CHINESE,CHN,,,,,,,,1,051, Praise or endorse,051,05,1,3.4,4,1,4,5.98802395209581,4,"Kremlin, Moskva, Russia",RS,RS48,25106,55.7522,37.6156,-2960561,1,China,CH,CH,,35.0,105.0,CH,1,China,CH,CH,,35.0,105.0,CH,20251231061500,https://sputnikglobe.com/20251231/xi-putin-exchange-new-year-russia-china-support-each-other-1123391273.html
1281635571,20251231,202512,2025,2025.989,RUS,RUSSIA,RUS,,,,,,,,CHNGOV,CHINA,CHN,,,,,GOV,,,1,051, Praise or endorse,051,05,1,3.4,2,1,2,5.98802395209581,4,"Kremlin, Moskva, Russia",RS,RS48,25106,55.7522,37.6156,-2960561,1,China,CH,CH,,35.0,105.0,CH,4,"Kremlin, Moskva, Russia",RS,RS48,25106,55.7522,37.6156,-2960561,20251231061500,https://sputnikglobe.com/20251231/xi-putin-exchange-new-year-russia-china-support-each-other-1123391273.html
1281636265,20251231,202512,2025,2025.989,CHN,CHINA,CHN,,,,,,,,RUS,RUSSIA,RUS,,,,,,,,1,017, Engage in symbolic act,017,01,1,0.0,4,2,4,6.32680289305526,4,"Beijing, Beijing, China",CH,CH22,13001,39.9289,116.388,-1898541,4,"Beijing, Beijing, China",CH,CH22,13001,39.9289,116.388,-1898541,4,"Beijing, Beijing, China",CH,CH22,13001,39.9289,116.388,-1898541,20251231063000,http://en.people.cn/n3/2025/1231/c90000-20408977.html
1281636266,20251231,202512,2025,2025.989,CHN,CHINA,CHN,,,,,,,,RUS,RUSSIA,RUS,,,,,,,,1,017, Engage in symbolic act,017,01,1,0.0,16,2,16,6.32680289305526,4,"Beijing, Beijing, China",CH,CH22,13001,39.9289,116.388,-1898541,4,"Moscow, Moskva, Russia",RS,RS48,25106,55.7522,37.6156,-2960561,4,"Beijing, Beijing, China",CH,CH22,13001,39.9289,116.388,-1898541,20251231063000,http://en.people.cn/n3/2025/1231/c90000-20408977.html
1281636267,20251231,202512,2025,2025.989,CHN,BEIJING,CHN,,,,,,,,RUS,RUSSIAN,RUS,,,,,,,,1,051, Praise or endorse,051,05,1,3.4,8,2,8,6.32680289305526,4,"Beijing, Beijing, China",CH,CH22,13001,39.9289,116.388,-1898541,4,"Moscow, Moskva, Russia",RS,RS48,25106,55.7522,37.6156,-2960561,4,"Moscow, Moskva, Russia",RS,RS48,25106,55.7522,37.6156,-2960561,20251231063000,http://en.people.cn/n3/2025/1231/c90000-20408977.html
1281636268,20251231,202512,2025,2025.989,CHN,BEIJING,CHN,,,,,,,,RUSGOV,RUSSIAN,RUS,,,,,GOV,,,1,051, Praise or endorse,051,05,1,3.4,6,1,6,6.27062706270627,4,"Beijing, Beijing, China",CH,CH22,13001,39.9289,116.388,-1898541,4,"Moscow, Moskva, Russia",RS,RS48,25106,55.7522,37.6156,-2960561,4,"Moscow, Moskva, Russia",RS,RS48,25106,55.7522,37.6156,-2960561,20251231063000,http://en.people.cn/n3/2025/1231/c90000-20408977.html
1281636278,20251231,202512,2025,2025.989,CHNGOV,BEIJING,CHN,,,,,GOV,,,RUSGOV,RUSSIAN,RUS,,,,,GOV,,,1,051, Praise or endorse,051,05,1,3.4,6,1,6,6.38297872340425,4,"Beijing, Beijing, China",CH,CH22,13001,39.9289,116.388,-1898541,4,"Moscow, Moskva, Russia",RS,RS48,25106,55.7522,37.6156,-2960561,4,"Moscow, Moskva, Russia",RS,RS48,25106,55.7522,37.6156,-2960561,20251231063000,http://africa.chinadaily.com.cn/a/202512/31/WS6954861da310d6866eb315e1.html
1281640551,20251231,202512,2025,2025.989,RUS,RUSSIAN,RUS,,,,,,,,CHN,CHINESE,CHN,,,,,,,,1,051, Praise or endorse,051,05,1,3.4,4,1,4,6.79012345679012,1,Russia,RS,RS,,60.0,100.0,RS,4,"Beijing, Beijing, China",CH,CH22,13001,39.9289,116.388,-1898541,4,"Beijing, Beijing, China",CH,CH22,13001,39.9289,116.388,-1898541,20251231071500,https://www.centralchronicle.com/russia-china-actively-expanded-trade-cooperation-in-2025/
1281640558,20251231,202512,2025,2025.989,RUSGOV,RUSSIAN,RUS,,,,,GOV,,,CHNGOV,CHINESE,CHN,,,,,GOV,,,1,051, Praise or endorse,051,05,1,3.4,6,1,6,6.79012345679012,1,Russia,RS,RS,,60.0,100.0,RS,4,"Beijing, Beijing, China",CH,CH22,13001,39.9289,116.388,-1898541,4,"Beijing, Beijing, China",CH,CH22,13001,39.9289,116.388,-1898541,20251231071500,https://www.centralchronicle.com/russia-china-actively-expanded-trade-cooperation-in-2025/
1281648795,20251231,202512,2025,2025.989,CHN,CHINESE,CHN,,,,,,,,RUS,RUSSIA,RUS,,,,,,,,1,013, Make optimistic comment,013,01,1,0.4,4,1,4,0.0,4,"Beijing, Beijing, China",CH,CH22,13001,39.9289,116.388,-1898541,4,"Beijing, Beijing, China",CH,CH22,13001,39.9289,116.388,-1898541,4,"Beijing, Beijing, China",CH,CH22,13001,39.9289,116.388,-1898541,20251231084500,https://www.aa.com.tr/en/asia-pacific/china-s-xi-says-he-s-ready-to-work-with-putin-to-advance-bilateral-ties/3785554
1281648796,20251231,202512,2025,2025.989,CHN,CHINESE,CHN,,,,,,,,RUS,RUSSIA,RUS,,,,,,,,1,030," Express intent to cooperate, not specified below",030,03,1,4.0,4,1,4,0.0,4,"Beijing, Beijing, China",CH,CH22,13001,39.9289,116.388,-1898541,4,"Moscow, Moskva, Russia",RS,RS48,25106,55.7522,37.6156,-2960561,4,"Beijing, Beijing, China",CH,CH22,13001,39.9289,116.388,-1898541,20251231084500,https://www.aa.com.tr/en/asia-pacific/china-s-xi-says-he-s-ready-to-work-with-putin-to-advance-bilateral-ties/3785554
1281648800,20251231,202512,2025,2025.989,CHNGOV,CHINESE,CHN,,,,,GOV,,,RUS,RUSSIA,RUS,,,,,,,,1,030," Express intent to cooperate, not specified below",030,03,1,4.0,4,1,4,0.0,4,"Beijing, Beijing, China",CH,CH22,13001,39.9289,116.388,-1898541,4,"Moscow, Moskva, Russia",RS,RS48,25106,55.7522,37.6156,-2960561,4,"Beijing, Beijing, China",CH,CH22,13001,39.9289,116.388,-1898541,20251231084500,https://www.aa.com.tr/en/asia-pacific/china-s-xi-says-he-s-ready-to-work-with-putin-to-advance-bilateral-ties/3785554
1281648801,20251231,202512,2025,2025.989,CHNGOV,CHINA,CHN,,,,,GOV,,,RUS,RUSSIA,RUS,,,,,,,,1,030," Express intent to cooperate, not specified below",030,03,1,4.0,2,1,2,0.0,4,"Istanbul, Istanbul, Turkey",TU,TU34,27897,41.0186,28.9647,-755070,4,"Moscow, Moskva, Russia",RS,RS48,25106,55.7522,37.6156,-2960561,4,"Beijing, Beijing, China",CH,CH22,13001,39.9289,116.388,-1898541,20251231084500,https://www.aa.com.tr/en/asia-pacific/china-s-xi-says-he-s-ready-to-work-with-putin-to-advance-bilateral-ties/3785554
1281647265,20251231,202512,2025,2025.989,CHN,CHINA,CHN,,,,,,,,RUS,RUSSIAN,RUS,,,,,,,,0,031," Express intent to engage in material cooperation,  not specified below",031,03,1,5.2,2,1,2,6.62983425414364,4,"Beijing, Beijing, China",CH,CH22,13001,39.9289,116.388,-1898541,4,"Moscow, Moskva, Russia",RS,RS48,25106,55.7522,37.6156,-2960561,4,"Beijing, Beijing, China",CH,CH22,13001,39.9289,116.388,-1898541,20251231083000,https://english.news.cn/20251231/8b70965923bb4d8ab165ae59b665b690/c.html
1281647266,20251231,202512,2025,2025.989,CHN,CHINESE,CHN,,,,,,,,RUS,RUSSIAN,RUS,,,,,,,,0,051, Praise or endorse,051,05,1,3.4,2,1,2,6.62983425414364,4,"Beijing, Beijing, China",CH,CH22,13001,39.9289,116.388,-1898541,4,"Moscow, Moskva, Russia",RS,RS48,25106,55.7522,37.6156,-2960561,4,"Beijing, Beijing, China",CH,CH22,13001,39.9289,116.388,-1898541,20251231083000,https://english.news.cn/20251231/8b70965923bb4d8ab165ae59b665b690/c.html
1281647275,20251231,202512,2025,2025.989,CHNGOV,CHINA,CHN,,,,,GOV,,,RUS,RUSSIAN,RUS,,,,,,,,0,031," Express intent to engage in material cooperation,  not specified below",031,03,1,5.2,2,1,2,6.62983425414364,4,"Beijing, Beijing, China",CH,CH22,13001,39.9289,116.388,-1898541,4,"Moscow, Moskva, Russia",RS,RS48,25106,55.7522,37.6156,-2960561,4,"Beijing, Beijing, China",CH,CH22,13001,39.9289,116.388,-1898541,20251231083000,https://english.news.cn/20251231/8b70965923bb4d8ab165ae59b665b690/c.html
1281647276,20251231,202512,2025,2025.989,CHNGOV,XI JINPING,CHN,,,,,GOV,,,RUS,RUSSIAN,RUS,,,,,,,,1,031," Express intent to engage in material cooperation,  not specified below",031,03,1,5.2,4,1,4,6.62983425414364,4,"Moscow, Moskva, Russia",RS,RS48,25106,55.7522,37.6156,-2960561,4,"Moscow, Moskva, Russia",RS,RS48,25106,55.7522,37.6156,-2960561,4,"Moscow, Moskva, Russia",RS,RS48,25106,55.7522,37.6156,-2960561,20251231083000,https://english.news.cn/20251231/8b70965923bb4d8ab165ae59b665b690/c.html
1281647277,20251231,202512,2025,2025.989,CHNGOV,XI JINPING,CHN,,,,,GOV,,,RUSGOV,RUSSIAN,RUS,,,,,GOV,,,1,031," Express intent to engage in material cooperation,  not specified below",031,03,1,5.2,6,1,6,6.62983425414364,4,"Moscow, Moskva, Russia",RS,RS48,25106,55.7522,37.6156,-2960561,4,"Moscow, Moskva, Russia",RS,RS48,25106,55.7522,37.6156,-2960561,4,"Moscow, Moskva, Russia",RS,RS48,25106,55.7522,37.6156,-2960561,20251231083000,https://english.news.cn/20251231/8b70965923bb4d8ab165ae59b665b690/c.html
1281650123,20251231,202512,2025,2025.989,CHN,CHINA,CHN,,,,,,,,RUS,RUSSIA,RUS,,,,,,,,1,050," Engage in diplomatic cooperation, not specified below",050,05,1,3.5,4,1,4,3.26086956521739,4,"Beijing, Beijing, China",CH,CH22,13001,39.9289,116.388,-1898541,4,"Moscow, Moskva, Russia",RS,RS48,25106,55.7522,37.6156,-2960561,4,"Beijing, Beijing, China",CH,CH22,13001,39.9289,116.388,-1898541,20251231090000,https://tass.com/world/2067387
1281650124,20251231,202512,2025,2025.989,CHN,CHINA,CHN,,,,,,,,RUS,RUSSIA,RUS,,,,,,,,1,050," Engage in diplomatic cooperation, not specified below",050,05,1,3.5,1,1,1,3.26086956521739,4,"Moscow, Moskva, Russia",RS,RS48,25106,55.7522,37.6156,-2960561,4,"Moscow, Moskva, Russia",RS,RS48,25106,55.7522,37.6156,-2960561,4,"Beijing, Beijing, China",CH,CH22,13001,39.9289,116.388,-1898541,20251231090000,https://tass.com/world/2067387
1281650593,20251231,202512,2025,2025.989,RUS,RUSSIA,RUS,,,,,,,,CHN,CHINA,CHN,,,,,,,,1,050," Engage in diplomatic cooperation, not specified below",050,05,1,3.5,4,1,4,3.26086956521739,4,"Moscow, Moskva, Russia",RS,RS48,25106,55.7522,37.6156,-2960561,4,"Beijing, Beijing, China",CH,CH22,13001,39.9289,116.388,-1898541,4,"Beijing, Beijing, China",CH,CH22,13001,39.9289,116.388,-1898541,20251231090000,https://tass.com/world/2067387
1281650594,20251231,202512,2025,2025.989,RUS,RUSSIA,RUS,,,,,,,,CHN,CHINA,CHN,,,,,,,,1,050," Engage in diplomatic cooperation, not specified below",050,05,1,3.5,1,1,1,3.26086956521739,4,"Moscow, Moskva, Russia",RS,RS48,25106,55.7522,37.6156,-2960561,4,"Moscow, Moskva, Russia",RS,RS48,25106,55.7522,37.6156,-2960561,4,"Beijing, Beijing, China",CH,CH22,13001,39.9289,116.388,-1898541,20251231090000,https://tass.com/world/2067387
1281650595,20251231,202512,2025,2025.989,RUS,RUSSIA,RUS,,,,,,,,CHN,CHINA,CHN,,,,,,,,0,111, Criticize or denounce ,111,11,3,-2.0,4,1,4,-5.96330275229358,1,Russia,RS,RS,,60.0,100.0,RS,1,China,CH,CH,,35.0,105.0,CH,1,Venezuela,VE,VE,,8.0,-66.0,VE,20251231090000,https://www.wsws.org/en/articles/2025/12/31/jbpq-d31.html
1281650596,20251231,202512,2025,2025.989,RUS,RUSSIA,RUS,,,,,,,,CHN,CHINA,CHN,,,,,,,,0,111, Criticize or denounce ,111,11,3,-2.0,2,1,2,-5.96330275229358,1,Russia,RS,RS,,60.0,100.0,RS,1,Russia,RS,RS,,60.0,100.0,RS,1,Venezuela,VE,VE,,8.0,-66.0,VE,20251231090000,https://www.wsws.org/en/articles/2025/12/31/jbpq-d31.html
1281654015,20251231,202512,2025,2025.989,CHN,CHINA,CHN,,,,,,,,RUS,RUSSIA,RUS,,,,,,,,1,010," Make statement, not specified below",010,01,1,0.0,6,3,6,3.1887896423405,4,"Beijing, Beijing, China",CH,CH22,13001,39.9289,116.388,-1898541,4,"Moscow, Moskva, Russia",RS,RS48,25106,55.7522,37.6156,-2960561,4,"Beijing, Beijing, China",CH,CH22,13001,39.9289,116.388,-1898541,20251231094500,http://www.vietnamtribune.com/news/278783763/yearender-how-china-engages-a-challenging-world-in-2025
1281654016,20251231,202512,2025,2025.989,CHN,CHINA,CHN,,,,,,,,RUS,MOSCOW,RUS,,,,,,,,1,010," Make statement, not specified below",010,01,1,0.0,24,3,24,3.1887896423405,4,"Beijing, Beijing, China",CH,CH22,13001,39.9289,116.388,-1898541,4,"Moscow, Moskva, Russia",RS,RS48,25106,55.7522,37.6156,-2960561,4,"Moscow, Moskva, Russia",RS,RS48,25106,55.7522,37.6156,-2960561,20251231094500,http://www.vietnamtribune.com/news/278783763/yearender-how-china-engages-a-challenging-world-in-2025
1281654017,20251231,202512,2025,2025.989,CHN,CHINA,CHN,,,,,,,,RUS,MOSCOW,RUS,,,,,,,,1,017, Engage in symbolic act,017,01,1,0.0,30,3,30,3.1887896423405,4,"Beijing, Beijing, China",CH,CH22,13001,39.9289,116.388,-1898541,4,"Moscow, Moskva, Russia",RS,RS48,25106,55.7522,37.6156,-2960561,4,"Moscow, Moskva, Russia",RS,RS48,25106,55.7522,37.6156,-2960561,20251231094500,http://www.vietnamtribune.com/news/278783763/yearender-how-china-engages-a-challenging-world-in-2025
1281654018,20251231,202512,2025,2025.989,CHN,CHINA,CHN,,,,,,,,RUS,MOSCOW,RUS,,,,,,,,1,042, Make a visit,042,04,1,1.9,30,3,30,3.1887896423405,4,"Beijing, Beijing, China",CH,CH22,13001,39.9289,116.388,-1898541,4,"Moscow, Moskva, Russia",RS,RS48,25106,55.7522,37.6156,-2960561,4,"Moscow, Moskva, Russia",RS,RS48,25106,55.7522,37.6156,-2960561,20251231094500,http://www.vietnamtribune.com/news/278783763/yearender-how-china-engages-a-challenging-world-in-2025
1281654537,20251231,202512,2025,2025.989,RUS,MOSCOW,RUS,,,,,,,,CHN,CHINA,CHN,,,,,,,,1,043, Host a visit,043,04,1,2.8,30,3,30,3.1887896423405,4,"Moscow, Moskva, Russia",RS,RS48,25106,55.7522,37.6156,-2960561,4,"Beijing, Beijing, China",CH,CH22,13001,39.9289,116.388,-1898541,4,"Moscow, Moskva, Russia",RS,RS48,25106,55.7522,37.6156,-2960561,20251231094500,http://www.vietnamtribune.com/news/278783763/yearender-how-china-engages-a-challenging-world-in-2025
1281662154,20251231,202512,2025,2025.989,CHN,CHINA,CHN,,,,,,,,RUSGOV,VLADIMIR PUTIN,RUS,,,,,GOV,,,0,042, Make a visit,042,04,1,1.9,6,1,6,-6.44391408114558,1,China,CH,CH,,35.0,105.0,CH,1,Russia,RS,RS,,60.0,100.0,RS,4,"New Delhi, Delhi, India",IN,IN07,17911,28.6,77.2,-2106102,20251231110000,https://www.moneycontrol.com/news/india/tariff-tensions-post-op-sindoor-diplomacy-why-2025-was-a-test-of-india-s-foreign-policy-resolve-13751181.html
1281662677,20251231,202512,2025,2025.989,RUSGOV,VLADIMIR PUTIN,RUS,,,,,GOV,,,CHN,CHINA,CHN,,,,,,,,0,043, Host a visit,043,04,1,2.8,6,1,6,-6.44391408114558,1,Russia,RS,RS,,60.0,100.0,RS,1,China,CH,CH,,35.0,105.0,CH,4,"New Delhi, Delhi, India",IN,IN07,17911,28.6,77.2,-2106102,20251231110000,https://www.moneycontrol.com/news/india/tariff-tensions-post-op-sindoor-diplomacy-why-2025-was-a-test-of-india-s-foreign-policy-resolve-13751181.html
1281670342,20251231,202512,2025,2025.989,RUS,RUSSIA,RUS,,,,,,,,CHN,CHINA,CHN,,,,,,,,0,111, Criticize or denounce ,111,11,3,-2.0,4,1,4,-5.85585585585586,1,Russia,RS,RS,,60.0,100.0,RS,1,China,CH,CH,,35.0,105.0,CH,4,"Caracas, Distrito Federal, Venezuela",VE,VE25,31959,10.5,-66.9167,-938457,20251231121500,https://countercurrents.org/2025/12/trump-launches-aerial-strike-on-venezuela-amid-democratic-party-silence/
1281670343,20251231,202512,2025,2025.989,RUS,RUSSIA,RUS,,,,,,,,CHN,CHINA,CHN,,,,,,,,0,111, Criticize or denounce ,111,11,3,-2.0,2,1,2,-5.85585585585586,1,Russia,RS,RS,,60.0,100.0,RS,1,Russia,RS,RS,,60.0,100.0,RS,4,"Caracas, Distrito Federal, Venezuela",VE,VE25,31959,10.5,-66.9167,-938457,20251231121500,https://countercurrents.org/2025/12/trump-launches-aerial-strike-on-venezuela-amid-democratic-party-silence/
1281675111,20251231,202512,2025,2025.989,CHN,CHINA,CHN,,,,,,,,RUS,RUSSIA,RUS,,,,,,,,1,010," Make statement, not specified below",010,01,1,0.0,40,4,40,3.30882352941176,4,"Beijing, Beijing, China",CH,CH22,13001,39.9289,116.388,-1898541,4,"Beijing, Beijing, China",CH,CH22,13001,39.9289,116.388,-1898541,4,"Beijing, Beijing, China",CH,CH22,13001,39.9289,116.388,-1898541,20251231130000,http://www.chinanationalnews.com/news/278784027/putin-and-xi-exchange-new-year-greetings
1281675112,20251231,202512,2025,2025.989,CHN,CHINA,CHN,,,,,,,,RUS,RUSSIA,RUS,,,,,,,,0,017, Engage in symbolic act,017,01,1,0.0,2,1,2,6.80628272251309,4,"Moscow, Moskva, Russia",RS,RS48,25106,55.7522,37.6156,-2960561,4,"Moscow, Moskva, Russia",RS,RS48,25106,55.7522,37.6156,-2960561,4,"Moscow, Moskva, Russia",RS,RS48,25106,55.7522,37.6156,-2960561,20251231130000,https://sl.china-embassy.gov.cn/eng/zgyw/202512/t20251231_11795974.htm
1281675113,20251231,202512,2025,2025.989,CHN,CHINA,CHN,,,,,,,,RUS,RUSSIA,RUS,,,,,,,,0,043, Host a visit,043,04,1,2.8,2,1,2,6.80628272251309,4,"Beijing, Beijing, China",CH,CH22,13001,39.9289,116.388,-1898541,4,"Moscow, Moskva, Russia",RS,RS48,25106,55.7522,37.6156,-2960561,4,"Moscow, Moskva, Russia",RS,RS48,25106,55.7522,37.6156,-2960561,20251231130000,https://sl.china-embassy.gov.cn/eng/zgyw/202512/t20251231_11795974.htm
1281675120,20251231,202512,2025,2025.989,CHNGOV,CHINESE,CHN,,,,,GOV,,,RUSGOV,RUSSIAN,RUS,,,,,GOV,,,1,040," Consult, not specified below",040,04,1,1.0,8,4,8,3.30882352941176,4,"Beijing, Beijing, China",CH,CH22,13001,39.9289,116.388,-1898541,4,"Moscow, Moskva, Russia",RS,RS48,25106,55.7522,37.6156,-2960561,4,"Beijing, Beijing, China",CH,CH22,13001,39.9289,116.388,-1898541,20251231130000,http://www.chinanationalnews.com/news/278784027/putin-and-xi-exchange-new-year-greetings
1281675121,20251231,202512,2025,2025.989,CHNGOV,CHINA,CHN,,,,,GOV,,,RUSGOV,RUSSIA,RUS,,,,,GOV,,,1,040," Consult, not specified below",040,04,1,1.0,4,4,4,3.30882352941176,4,"Beijing, Beijing, China",CH,CH22,13001,39.9289,116.388,-1898541,4,"Moscow, Moskva, Russia",RS,RS48,25106,55.7522,37.6156,-2960561,4,"Moscow, Moskva, Russia",RS,RS48,25106,55.7522,37.6156,-2960561,20251231130000,http://www.chinanationalnews.com/news/278784027/putin-and-xi-exchange-new-year-greetings
1281675122,20251231,202512,2025,2025.989,CHNGOV,XI JINPING,CHN,,,,,GOV,,,RUSGOV,VLADIMIR PUTIN,RUS,,,,,GOV,,,1,040," Consult, not specified below",040,04,1,1.0,8,1,8,6.80628272251309,4,"Moscow, Moskva, Russia",RS,RS48,25106,55.7522,37.6156,-2960561,4,"Moscow, Moskva, Russia",RS,RS48,25106,55.7522,37.6156,-2960561,4,"Moscow, Moskva, Russia",RS,RS48,25106,55.7522,37.6156,-2960561,20251231130000,https://sl.china-embassy.gov.cn/eng/zgyw/202512/t20251231_11795974.htm
1281675688,20251231,202512,2025,2025.989,RUS,RUSSIA,RUS,,,,,,,,CHN,CHINA,CHN,,,,,,,,0,030," Express intent to cooperate, not specified below",030,03,1,4.0,2,1,2,6.80628272251309,4,"Moscow, Moskva, Russia",RS,RS48,25106,55.7522,37.6156,-2960561,4,"Beijing, Beijing, China",CH,CH22,13001,39.9289,116.388,-1898541,4,"Beijing, Beijing, China",CH,CH22,13001,39.9289,116.388,-1898541,20251231130000,https://sl.china-embassy.gov.cn/eng/zgyw/202512/t20251231_11795974.htm
1281675689,20251231,202512,2025,2025.989,RUS,RUSSIA,RUS,,,,,,,,CHN,CHINA,CHN,,,,,,,,0,042, Make a visit,042,04,1,1.9,2,1,2,6.80628272251309,4,"Moscow, Moskva, Russia",RS,RS48,25106,55.7522,37.6156,-2960561,4,"Beijing, Beijing, China",CH,CH22,13001,39.9289,116.388,-1898541,4,"Moscow, Moskva, Russia",RS,RS48,25106,55.7522,37.6156,-2960561,20251231130000,https://sl.china-embassy.gov.cn/eng/zgyw/202512/t20251231_11795974.htm
1281675690,20251231,202512,2025,2025.989,RUS,RUSSIA,RUS,,,,,,,,CHNCVL,CHINESE,CHN,,,,,CVL,,,0,100," Demand, not specified below",100,10,3,-5.0,8,4,8,3.30882352941176,4,"Moscow, Moskva, Russia",RS,RS48,25106,55.7522,37.6156,-2960561,4,"Beijing, Beijing, China",CH,CH22,13001,39.9289,116.388,-1898541,4,"Beijing, Beijing, China",CH,CH22,13001,39.9289,116.388,-1898541,20251231130000,http://www.chinanationalnews.com/news/278784027/putin-and-xi-exchange-new-year-greetings
1281675691,20251231,202512,2025,2025.989,RUS,RUSSIA,RUS,,,,,,,,CHNCVL,CHINA,CHN,,,,,CVL,,,0,100," Demand, not specified below",100,10,3,-5.0,4,4,4,3.30882352941176,4,"Moscow, Moskva, Russia",RS,RS48,25106,55.7522,37.6156,-2960561,4,"Moscow, Moskva, Russia",RS,RS48,25106,55.7522,37.6156,-2960561,4,"Beijing, Beijing, China",CH,CH22,13001,39.9289,116.388,-1898541,20251231130000,http://www.chinanationalnews.com/news/278784027/putin-and-xi-exchange-new-year-greetings
1281675699,20251231,202512,2025,2025.989,RUSGOV,RUSSIAN,RUS,,,,,GOV,,,CHNGOV,CHINESE,CHN,,,,,GOV,,,1,040," Consult, not specified below",040,04,1,1.0,8,4,8,3.30882352941176,4,"Moscow, Moskva, Russia",RS,RS48,25106,55.7522,37.6156,-2960561,4,"Beijing, Beijing, China",CH,CH22,13001,39.9289,116.388,-1898541,4,"Beijing, Beijing, China",CH,CH22,13001,39.9289,116.388,-1898541,20251231130000,http://www.chinanationalnews.com/news/278784027/putin-and-xi-exchange-new-year-greetings
1281675700,20251231,202512,2025,2025.989,RUSGOV,RUSSIA,RUS,,,,,GOV,,,CHNGOV,CHINA,CHN,,,,,GOV,,,1,040," Consult, not specified below",040,04,1,1.0,4,4,4,3.30882352941176,4,"Moscow, Moskva, Russia",RS,RS48,25106,55.7522,37.6156,-2960561,4,"Beijing, Beijing, China",CH,CH22,13001,39.9289,116.388,-1898541,4,"Moscow, Moskva, Russia",RS,RS48,25106,55.7522,37.6156,-2960561,20251231130000,http://www.chinanationalnews.com/news/278784027/putin-and-xi-exchange-new-year-greetings
1281675701,20251231,202512,2025,2025.989,RUSGOV,VLADIMIR PUTIN,RUS,,,,,GOV,,,CHNGOV,XI JINPING,CHN,,,,,GOV,,,1,040," Consult, not specified below",040,04,1,1.0,8,1,8,6.80628272251309,4,"Moscow, Moskva, Russia",RS,RS48,25106,55.7522,37.6156,-2960561,4,"Moscow, Moskva, Russia",RS,RS48,25106,55.7522,37.6156,-2960561,4,"Moscow, Moskva, Russia",RS,RS48,25106,55.7522,37.6156,-2960561,20251231130000,https://sl.china-embassy.gov.cn/eng/zgyw/202512/t20251231_11795974.htm
1281691014,20251231,202512,2025,2025.989,CHN,CHINA,CHN,,,,,,,,RUS,RUSSIA,RUS,,,,,,,,0,042, Make a visit,042,04,1,1.9,2,1,2,2.27272727272727,1,Bhutan,BT,BT,,27.5,90.5,BT,1,Bhutan,BT,BT,,27.5,90.5,BT,1,Maldives,MV,MV,,3.2,73.0,MV,20251231153000,https://www.bssnews.net/khaleda-zias-departure/346695
1281691015,20251231,202512,2025,2025.989,CHN,CHINA,CHN,,,,,,,,RUS,RUSSIA,RUS,,,,,,,,0,042, Make a visit,042,04,1,1.9,2,1,2,2.27272727272727,1,China,CH,CH,,35.0,105.0,CH,1,China,CH,CH,,35.0,105.0,CH,1,Australia,AS,AS,,-25.0,135.0,AS,20251231153000,https://www.bssnews.net/khaleda-zias-departure/346695
1281691016,20251231,202512,2025,2025.989,CHN,CHINA,CHN,,,,,,,,RUS,RUSSIA,RUS,,,,,,,,0,042, Make a visit,042,04,1,1.9,6,1,6,2.27272727272727,1,China,CH,CH,,35.0,105.0,CH,1,Russia,RS,RS,,60.0,100.0,RS,1,Australia,AS,AS,,-25.0,135.0,AS,20251231153000,https://www.bssnews.net/khaleda-zias-departure/346695
1281691017,20251231,202512,2025,2025.989,CHN,CHINA,CHN,,,,,,,,RUS,RUSSIA,RUS,,,,,,,,0,043, Host a visit,043,04,1,2.8,2,1,2,2.27272727272727,1,Bhutan,BT,BT,,27.5,90.5,BT,1,Bhutan,BT,BT,,27.5,90.5,BT,1,Maldives,MV,MV,,3.2,73.0,MV,20251231153000,https://www.bssnews.net/khaleda-zias-departure/346695
1281691018,20251231,202512,2025,2025.989,CHN,CHINA,CHN,,,,,,,,RUS,RUSSIA,RUS,,,,,,,,0,043, Host a visit,043,04,1,2.8,2,1,2,2.27272727272727,1,China,CH,CH,,35.0,105.0,CH,1,China,CH,CH,,35.0,105.0,CH,1,Australia,AS,AS,,-25.0,135.0,AS,20251231153000,https://www.bssnews.net/khaleda-zias-departure/346695
1281691019,20251231,202512,2025,2025.989,CHN,CHINA,CHN,,,,,,,,RUS,RUSSIA,RUS,,,,,,,,0,043, Host a visit,043,04,1,2.8,6,1,6,2.27272727272727,1,China,CH,CH,,35.0,105.0,CH,1,Russia,RS,RS,,60.0,100.0,RS,1,Australia,AS,AS,,-25.0,135.0,AS,20251231153000,https://www.bssnews.net/khaleda-zias-departure/346695
1281691724,20251231,202512,2025,2025.989,RUS,RUSSIA,RUS,,,,,,,,CHN,CHINA,CHN,,,,,,,,0,042, Make a visit,042,04,1,1.9,2,1,2,2.27272727272727,1,Bhutan,BT,BT,,27.5,90.5,BT,1,Bhutan,BT,BT,,27.5,90.5,BT,1,Maldives,MV,MV,,3.2,73.0,MV,20251231153000,https://www.bssnews.net/khaleda-zias-departure/346695
1281691725,20251231,202512,2025,2025.989,RUS,RUSSIA,RUS,,,,,,,,CHN,CHINA,CHN,,,,,,,,0,042, Make a visit,042,04,1,1.9,2,1,2,2.27272727272727,1,China,CH,CH,,35.0,105.0,CH,1,China,CH,CH,,35.0,105.0,CH,1,Australia,AS,AS,,-25.0,135.0,AS,20251231153000,https://www.bssnews.net/khaleda-zias-departure/346695
1281691726,20251231,202512,2025,2025.989,RUS,RUSSIA,RUS,,,,,,,,CHN,CHINA,CHN,,,,,,,,0,042, Make a visit,042,04,1,1.9,6,1,6,2.27272727272727,1,Russia,RS,RS,,60.0,100.0,RS,1,China,CH,CH,,35.0,105.0,CH,1,Australia,AS,AS,,-25.0,135.0,AS,20251231153000,https://www.bssnews.net/khaleda-zias-departure/346695
1281691727,20251231,202512,2025,2025.989,RUS,RUSSIA,RUS,,,,,,,,CHN,CHINA,CHN,,,,,,,,0,043, Host a visit,043,04,1,2.8,2,1,2,2.27272727272727,1,Bhutan,BT,BT,,27.5,90.5,BT,1,Bhutan,BT,BT,,27.5,90.5,BT,1,Maldives,MV,MV,,3.2,73.0,MV,20251231153000,https://www.bssnews.net/khaleda-zias-departure/346695
1281691728,20251231,202512,2025,2025.989,RUS,RUSSIA,RUS,,,,,,,,CHN,CHINA,CHN,,,,,,,,0,043, Host a visit,043,04,1,2.8,2,1,2,2.27272727272727,1,China,CH,CH,,35.0,105.0,CH,1,China,CH,CH,,35.0,105.0,CH,1,Australia,AS,AS,,-25.0,135.0,AS,20251231153000,https://www.bssnews.net/khaleda-zias-departure/346695
1281691729,20251231,202512,2025,2025.989,RUS,RUSSIA,RUS,,,,,,,,CHN,CHINA,CHN,,,,,,,,0,043, Host a visit,043,04,1,2.8,6,1,6,2.27272727272727,1,Russia,RS,RS,,60.0,100.0,RS,1,China,CH,CH,,35.0,105.0,CH,1,Australia,AS,AS,,-25.0,135.0,AS,20251231153000,https://www.bssnews.net/khaleda-zias-departure/346695
1281695918,20251231,202512,2025,2025.989,CHN,CHINA,CHN,,,,,,,,RUS,RUSSIA,RUS,,,,,,,,0,017, Engage in symbolic act,017,01,1,0.0,2,1,2,4.89510489510489,1,China,CH,CH,,35.0,105.0,CH,1,China,CH,CH,,35.0,105.0,CH,1,Russia,RS,RS,,60.0,100.0,RS,20251231161500,https://en.tempo.co/read/2077319/putin-and-xi-vow-deeper-russia-china-ties-for-2026
1281695919,20251231,202512,2025,2025.989,CHN,CHINA,CHN,,,,,,,,RUS,RUSSIA,RUS,,,,,,,,0,017, Engage in symbolic act,017,01,1,0.0,8,1,8,4.89510489510489,1,China,CH,CH,,35.0,105.0,CH,1,Russia,RS,RS,,60.0,100.0,RS,1,Russia,RS,RS,,60.0,100.0,RS,20251231161500,https://en.tempo.co/read/2077319/putin-and-xi-vow-deeper-russia-china-ties-for-2026
1281703091,20251231,202512,2025,2025.989,RUS,RUSSIA,RUS,,,,,,,,CHN,CHINA,CHN,,,,,,,,0,060," Engage in material cooperation, not spec below",060,06,2,6.0,2,1,2,-6.98924731182795,1,China,CH,CH,,35.0,105.0,CH,1,China,CH,CH,,35.0,105.0,CH,1,Russia,RS,RS,,60.0,100.0,RS,20251231171500,https://cajnewsafrica.com/2025/12/31/au-warns-against-foreign-recognition-of-somaliland/
1281703092,20251231,202512,2025,2025.989,RUS,RUSSIA,RUS,,,,,,,,CHN,CHINA,CHN,,,,,,,,0,060," Engage in material cooperation, not spec below",060,06,2,6.0,8,1,8,-6.98924731182795,1,Russia,RS,RS,,60.0,100.0,RS,1,China,CH,CH,,35.0,105.0,CH,1,Russia,RS,RS,,60.0,100.0,RS,20251231171500,https://cajnewsafrica.com/2025/12/31/au-warns-against-foreign-recognition-of-somaliland/
1281703093,20251231,202512,2025,2025.989,RUS,RUSSIA,RUS,,,,,,,,CHN,CHINA,CHN,,,,,,,,0,130," Threaten, not specified below",130,13,3,-4.4,2,1,2,-6.98924731182795,1,China,CH,CH,,35.0,105.0,CH,1,China,CH,CH,,35.0,105.0,CH,1,Russia,RS,RS,,60.0,100.0,RS,20251231171500,https://cajnewsafrica.com/2025/12/31/au-warns-against-foreign-recognition-of-somaliland/
1281703094,20251231,202512,2025,2025.989,RUS,RUSSIA,RUS,,,,,,,,CHN,CHINA,CHN,,,,,,,,0,130," Threaten, not specified below",130,13,3,-4.4,8,1,8,-6.98924731182795,1,Russia,RS,RS,,60.0,100.0,RS,1,China,CH,CH,,35.0,105.0,CH,1,Russia,RS,RS,,60.0,100.0,RS,20251231171500,https://cajnewsafrica.com/2025/12/31/au-warns-against-foreign-recognition-of-somaliland/
1281711350,20251231,202512,2025,2025.989,CHN,CHINA,CHN,,,,,,,,RUS,RUSSIA,RUS,,,,,,,,1,061, Cooperate economically,061,06,2,6.4,2,1,2,-0.57971014492753,4,"Warszawa, (PL67), Poland",PL,PL67,24452,52.25,21.0,-534433,4,"Warszawa, (PL67), Poland",PL,PL67,24452,52.25,21.0,-534433,4,"Warszawa, (PL67), Poland",PL,PL67,24452,52.25,21.0,-534433,20251231184500,https://charter97.org/en/news/2025/12/31/668475/
1281711355,20251231,202512,2025,2025.989,CHNGOV,XI JINPING,CHN,,,,,GOV,,,RUS,RUSSIAN,RUS,,,,,,,,0,031," Express intent to engage in material cooperation,  not specified below",031,03,1,5.2,4,1,4,6.69856459330144,4,"Beijing, Beijing, China",CH,CH22,13001,39.9289,116.388,-1898541,4,"Moscow, Moskva, Russia",RS,RS48,25106,55.7522,37.6156,-2960561,4,"Moscow, Moskva, Russia",RS,RS48,25106,55.7522,37.6156,-2960561,20251231184500,https://www.pakistantoday.com.pk/2025/12/31/president-xi-urges-strong-start-to-chinas-15th-five-year-plan/
1281711356,20251231,202512,2025,2025.989,CHNGOV,XI JINPING,CHN,,,,,GOV,,,RUSGOV,RUSSIA,RUS,,,,,GOV,,,0,031," Express intent to engage in material cooperation,  not specified below",031,03,1,5.2,2,1,2,6.69856459330144,4,"Beijing, Beijing, China",CH,CH22,13001,39.9289,116.388,-1898541,4,"Moscow, Moskva, Russia",RS,RS48,25106,55.7522,37.6156,-2960561,4,"Beijing, Beijing, China",CH,CH22,13001,39.9289,116.388,-1898541,20251231184500,https://www.pakistantoday.com.pk/2025/12/31/president-xi-urges-strong-start-to-chinas-15th-five-year-plan/
1281711357,20251231,202512,2025,2025.989,CHNGOV,XI JINPING,CHN,,,,,GOV,,,RUSGOV,RUSSIAN,RUS,,,,,GOV,,,0,031," Express intent to engage in material cooperation,  not specified below",031,03,1,5.2,4,1,4,6.69856459330144,4,"Beijing, Beijing, China",CH,CH22,13001,39.9289,116.388,-1898541,4,"Moscow, Moskva, Russia",RS,RS48,25106,55.7522,37.6156,-2960561,4,"Moscow, Moskva, Russia",RS,RS48,25106,55.7522,37.6156,-2960561,20251231184500,https://www.pakistantoday.com.pk/2025/12/31/president-xi-urges-strong-start-to-chinas-15th-five-year-plan/
1281728210,20251231,202512,2025,2025.989,CHNGOV,XI JINPING,CHN,,,,,GOV,,,RUS,RUSSIA,RUS,,,,,,,,1,042, Make a visit,042,04,1,1.9,8,1,8,3.07692307692308,4,"Shanghai, Shanghai, China",CH,CH23,13243,31.2222,121.458,-1924465,1,Russia,RS,RS,,60.0,100.0,RS,4,"Tianjin, Tianjin, China",CH,CH28,13279,39.1422,117.177,-1928564,20251231221500,https://www.livemint.com/news/world/chinas-xi-jinping-vows-unstoppable-reunification-with-taiwan-in-new-year-2026-address-11767214676664.html
1281728211,20251231,202512,2025,2025.989,CHNGOV,XI JINPING,CHN,,,,,GOV,,,RUS,RUSSIA,RUS,,,,,,,,1,042, Make a visit,042,04,1,1.9,2,1,2,3.07692307692308,1,Taiwan,TW,TW,,24.0,121.0,TW,1,Russia,RS,RS,,60.0,100.0,RS,4,"Tianjin, Tianjin, China",CH,CH28,13279,39.1422,117.177,-1928564,20251231221500,https://www.livemint.com/news/world/chinas-xi-jinping-vows-unstoppable-reunification-with-taiwan-in-new-year-2026-address-11767214676664.html
1281728665,20251231,202512,2025,2025.989,RUS,RUSSIA,RUS,,,,,,,,CHNGOV,XI JINPING,CHN,,,,,GOV,,,1,043, Host a visit,043,04,1,2.8,8,1,8,3.07692307692308,1,Russia,RS,RS,,60.0,100.0,RS,4,"Shanghai, Shanghai, China",CH,CH23,13243,31.2222,121.458,-1924465,4,"Tianjin, Tianjin, China",CH,CH28,13279,39.1422,117.177,-1928564,20251231221500,https://www.livemint.com/news/world/chinas-xi-jinping-vows-unstoppable-reunification-with-taiwan-in-new-year-2026-address-11767214676664.html
1281728666,20251231,202512,2025,2025.989,RUS,RUSSIA,RUS,,,,,,,,CHNGOV,XI JINPING,CHN,,,,,GOV,,,1,043, Host a visit,043,04,1,2.8,2,1,2,3.07692307692308,1,Russia,RS,RS,,60.0,100.0,RS,1,Taiwan,TW,TW,,24.0,121.0,TW,4,"Tianjin, Tianjin, China",CH,CH28,13279,39.1422,117.177,-1928564,20251231221500,https://www.livemint.com/news/world/chinas-xi-jinping-vows-unstoppable-reunification-with-taiwan-in-new-year-2026-address-11767214676664.html
1281726898,20251231,202512,2025,2025.989,RUS,RUSSIA,RUS,,,,,,,,CHN,CHINA,CHN,,,,,,,,0,051, Praise or endorse,051,05,1,3.4,1,1,1,-1.07444359171143,4,"Moscow, Moskva, Russia",RS,RS48,25106,55.7522,37.6156,-2960561,1,Japan,JA,JA,,36.0,138.0,JA,1,Japan,JA,JA,,36.0,138.0,JA,20251231214500,https://www.kyivpost.com/opinion/67237
1281745978,20260101,202601,2026,2026.0027,CHN,CHINA,CHN,,,,,,,,RUS,RUSSIA,RUS,,,,,,,,0,010," Make statement, not specified below",010,01,1,0.0,2,1,2,-1.05566218809981,1,China,CH,CH,,35.0,105.0,CH,1,China,CH,CH,,35.0,105.0,CH,1,Russia,RS,RS,,60.0,100.0,RS,20260101020000,https://english.hani.co.kr/arti/english_edition/english_editorials/1237526.html
1281745979,20260101,202601,2026,2026.0027,CHN,CHINA,CHN,,,,,,,,RUS,RUSSIA,RUS,,,,,,,,0,010," Make statement, not specified below",010,01,1,0.0,6,1,6,-1.05566218809981,1,China,CH,CH,,35.0,105.0,CH,1,Russia,RS,RS,,60.0,100.0,RS,1,Russia,RS,RS,,60.0,100.0,RS,20260101020000,https://english.hani.co.kr/arti/english_edition/english_editorials/1237526.html
1281745980,20260101,202601,2026,2026.0027,CHN,CHINA,CHN,,,,,,,,RUS,RUSSIA,RUS,,,,,,,,0,010," Make statement, not specified below",010,01,1,0.0,2,1,2,-1.05566218809981,1,Rwanda,RW,RW,,-2.0,30.0,RW,1,Rwanda,RW,RW,,-2.0,30.0,RW,1,China,CH,CH,,35.0,105.0,CH,20260101020000,https://english.hani.co.kr/arti/english_edition/english_editorials/1237526.html
1281746328,20260101,202601,2026,2026.0027,RUS,RUSSIA,RUS,,,,,,,,CHN,CHINA,CHN,,,,,,,,0,010," Make statement, not specified below",010,01,1,0.0,2,1,2,-1.05566218809981,1,China,CH,CH,,35.0,105.0,CH,1,China,CH,CH,,35.0,105.0,CH,1,Russia,RS,RS,,60.0,100.0,RS,20260101020000,https://english.hani.co.kr/arti/english_edition/english_editorials/1237526.html
1281746329,20260101,202601,2026,2026.0027,RUS,RUSSIA,RUS,,,,,,,,CHN,CHINA,CHN,,,,,,,,0,010," Make statement, not specified below",010,01,1,0.0,6,1,6,-1.05566218809981,1,Russia,RS,RS,,60.0,100.0,RS,1,China,CH,CH,,35.0,105.0,CH,1,Russia,RS,RS,,60.0,100.0,RS,20260101020000,https://english.hani.co.kr/arti/english_edition/english_editorials/1237526.html
1281746330,20260101,202601,2026,2026.0027,RUS,RUSSIA,RUS,,,,,,,,CHN,CHINA,CHN,,,,,,,,0,010," Make statement, not specified below",010,01,1,0.0,2,1,2,-1.05566218809981,1,Rwanda,RW,RW,,-2.0,30.0,RW,1,Rwanda,RW,RW,,-2.0,30.0,RW,1,China,CH,CH,,35.0,105.0,CH,20260101020000,https://english.hani.co.kr/arti/english_edition/english_editorials/1237526.html
1281751490,20260101,202601,2026,2026.0027,CHN,CHINA,CHN,,,,,,,,RUS,RUSSIA,RUS,,,,,,,,1,017, Engage in symbolic act,017,01,1,0.0,10,1,10,6.69014084507042,4,"Moscow, Moskva, Russia",RS,RS48,25106,55.7522,37.6156,-2960561,4,"Moscow, Moskva, Russia",RS,RS48,25106,55.7522,37.6156,-2960561,4,"Moscow, Moskva, Russia",RS,RS48,25106,55.7522,37.6156,-2960561,20260101031500,http://usa.chinadaily.com.cn/a/202601/01/WS6955b767a310d6866eb317cb.html
1281758196,20260101,202601,2026,2026.0027,CHN,CHINA,CHN,,,,,,,,RUS,RUSSIA,RUS,,,,,,,,1,017, Engage in symbolic act,017,01,1,0.0,2,1,2,6.62983425414364,4,"Beijing, Beijing, China",CH,CH22,13001,39.9289,116.388,-1898541,4,"Beijing, Beijing, China",CH,CH22,13001,39.9289,116.388,-1898541,4,"Beijing, Beijing, China",CH,CH22,13001,39.9289,116.388,-1898541,20260101053000,http://en.ce.cn/main/latest/202601/t20260101_2678588.shtml
1281758197,20260101,202601,2026,2026.0027,CHN,CHINA,CHN,,,,,,,,RUS,RUSSIA,RUS,,,,,,,,1,017, Engage in symbolic act,017,01,1,0.0,8,1,8,6.62983425414364,4,"Beijing, Beijing, China",CH,CH22,13001,39.9289,116.388,-1898541,4,"Moscow, Moskva, Russia",RS,RS48,25106,55.7522,37.6156,-2960561,4,"Beijing, Beijing, China",CH,CH22,13001,39.9289,116.388,-1898541,20260101053000,http://en.ce.cn/main/latest/202601/t20260101_2678588.shtml
1281758198,20260101,202601,2026,2026.0027,CHN,CHINA,CHN,,,,,,,,RUS,RUSSIAN,RUS,,,,,,,,0,031," Express intent to engage in material cooperation,  not specified below",031,03,1,5.2,2,1,2,6.62983425414364,4,"Beijing, Beijing, China",CH,CH22,13001,39.9289,116.388,-1898541,4,"Moscow, Moskva, Russia",RS,RS48,25106,55.7522,37.6156,-2960561,4,"Beijing, Beijing, China",CH,CH22,13001,39.9289,116.388,-1898541,20260101053000,http://en.ce.cn/main/latest/202601/t20260101_2678588.shtml
1281758199,20260101,202601,2026,2026.0027,CHN,BEIJING,CHN,,,,,,,,RUS,RUSSIAN,RUS,,,,,,,,1,051, Praise or endorse,051,05,1,3.4,6,1,4,6.62983425414364,4,"Beijing, Beijing, China",CH,CH22,13001,39.9289,116.388,-1898541,4,"Moscow, Moskva, Russia",RS,RS48,25106,55.7522,37.6156,-2960561,4,"Moscow, Moskva, Russia",RS,RS48,25106,55.7522,37.6156,-2960561,20260101053000,http://en.ce.cn/main/latest/202601/t20260101_2678588.shtml
1281758200,20260101,202601,2026,2026.0027,CHN,BEIJING,CHN,,,,,,,,RUSGOV,RUSSIAN,RUS,,,,,GOV,,,1,051, Praise or endorse,051,05,1,3.4,6,1,6,6.62983425414364,4,"Beijing, Beijing, China",CH,CH22,13001,39.9289,116.388,-1898541,4,"Moscow, Moskva, Russia",RS,RS48,25106,55.7522,37.6156,-2960561,4,"Moscow, Moskva, Russia",RS,RS48,25106,55.7522,37.6156,-2960561,20260101053000,http://en.ce.cn/main/latest/202601/t20260101_2678588.shtml
1281758214,20260101,202601,2026,2026.0027,CHNGOV,CHINA,CHN,,,,,GOV,,,RUS,RUSSIAN,RUS,,,,,,,,0,031," Express intent to engage in material cooperation,  not specified below",031,03,1,5.2,2,1,2,6.62983425414364,4,"Beijing, Beijing, China",CH,CH22,13001,39.9289,116.388,-1898541,4,"Moscow, Moskva, Russia",RS,RS48,25106,55.7522,37.6156,-2960561,4,"Beijing, Beijing, China",CH,CH22,13001,39.9289,116.388,-1898541,20260101053000,http://en.ce.cn/main/latest/202601/t20260101_2678588.shtml
1281758215,20260101,202601,2026,2026.0027,CHNGOV,XI JINPING,CHN,,,,,GOV,,,RUS,RUSSIAN,RUS,,,,,,,,1,031," Express intent to engage in material cooperation,  not specified below",031,03,1,5.2,4,1,4,6.62983425414364,4,"Moscow, Moskva, Russia",RS,RS48,25106,55.7522,37.6156,-2960561,4,"Moscow, Moskva, Russia",RS,RS48,25106,55.7522,37.6156,-2960561,4,"Moscow, Moskva, Russia",RS,RS48,25106,55.7522,37.6156,-2960561,20260101053000,http://en.ce.cn/main/latest/202601/t20260101_2678588.shtml
1281758216,20260101,202601,2026,2026.0027,CHNGOV,XI JINPING,CHN,,,,,GOV,,,RUSGOV,RUSSIAN,RUS,,,,,GOV,,,1,031," Express intent to engage in material cooperation,  not specified below",031,03,1,5.2,6,1,6,6.62983425414364,4,"Moscow, Moskva, Russia",RS,RS48,25106,55.7522,37.6156,-2960561,4,"Moscow, Moskva, Russia",RS,RS48,25106,55.7522,37.6156,-2960561,4,"Moscow, Moskva, Russia",RS,RS48,25106,55.7522,37.6156,-2960561,20260101053000,http://en.ce.cn/main/latest/202601/t20260101_2678588.shtml
1281758217,20260101,202601,2026,2026.0027,CHNGOV,CHINESE,CHN,,,,,GOV,,,RUSGOV,RUSSIAN,RUS,,,,,GOV,,,0,051, Praise or endorse,051,05,1,3.4,6,1,6,6.62983425414364,4,"Beijing, Beijing, China",CH,CH22,13001,39.9289,116.388,-1898541,4,"Moscow, Moskva, Russia",RS,RS48,25106,55.7522,37.6156,-2960561,4,"Moscow, Moskva, Russia",RS,RS48,25106,55.7522,37.6156,-2960561,20260101053000,http://en.ce.cn/main/latest/202601/t20260101_2678588.shtml
1281762712,20260101,202601,2026,2026.0027,CHN,CHINA,CHN,,,,,,,,RUS,RUSSIA,RUS,,,,,,,,1,010," Make statement, not specified below",010,01,1,0.0,2,1,2,3.23287671232877,4,"Shanghai, Shanghai, China",CH,CH23,13243,31.2222,121.458,-1924465,4,"Moscow, Moskva, Russia",RS,RS48,25106,55.7522,37.6156,-2960561,4,"Shanghai, Shanghai, China",CH,CH23,13243,31.2222,121.458,-1924465,20260101064500,http://www.china.org.cn/2025-12/31/content_118256998.shtml
1281762713,20260101,202601,2026,2026.0027,CHN,CHINA,CHN,,,,,,,,RUS,MOSCOW,RUS,,,,,,,,1,010," Make statement, not specified below",010,01,1,0.0,8,1,8,3.23287671232877,4,"Shanghai, Shanghai, China",CH,CH23,13243,31.2222,121.458,-1924465,4,"Moscow, Moskva, Russia",RS,RS48,25106,55.7522,37.6156,-2960561,4,"Moscow, Moskva, Russia",RS,RS48,25106,55.7522,37.6156,-2960561,20260101064500,http://www.china.org.cn/2025-12/31/content_118256998.shtml
1281762714,20260101,202601,2026,2026.0027,CHN,CHINA,CHN,,,,,,,,RUS,MOSCOW,RUS,,,,,,,,1,017, Engage in symbolic act,017,01,1,0.0,10,1,10,3.23287671232877,4,"Shanghai, Shanghai, China",CH,CH23,13243,31.2222,121.458,-1924465,4,"Moscow, Moskva, Russia",RS,RS48,25106,55.7522,37.6156,-2960561,4,"Moscow, Moskva, Russia",RS,RS48,25106,55.7522,37.6156,-2960561,20260101064500,http://www.china.org.cn/2025-12/31/content_118256998.shtml
1281762715,20260101,202601,2026,2026.0027,CHN,CHINA,CHN,,,,,,,,RUS,MOSCOW,RUS,,,,,,,,1,042, Make a visit,042,04,1,1.9,10,1,10,3.23287671232877,4,"Shanghai, Shanghai, China",CH,CH23,13243,31.2222,121.458,-1924465,4,"Moscow, Moskva, Russia",RS,RS48,25106,55.7522,37.6156,-2960561,4,"Moscow, Moskva, Russia",RS,RS48,25106,55.7522,37.6156,-2960561,20260101064500,http://www.china.org.cn/2025-12/31/content_118256998.shtml
1281763069,20260101,202601,2026,2026.0027,RUS,MOSCOW,RUS,,,,,,,,CHN,CHINA,CHN,,,,,,,,1,043, Host a visit,043,04,1,2.8,10,1,10,3.23287671232877,4,"Moscow, Moskva, Russia",RS,RS48,25106,55.7522,37.6156,-2960561,4,"Shanghai, Shanghai, China",CH,CH23,13243,31.2222,121.458,-1924465,4,"Moscow, Moskva, Russia",RS,RS48,25106,55.7522,37.6156,-2960561,20260101064500,http://www.china.org.cn/2025-12/31/content_118256998.shtml
1281761683,20260101,202601,2026,2026.0027,CHN,CHINA,CHN,,,,,,,,RUS,RUSSIA,RUS,,,,,,,,1,061, Cooperate economically,061,06,2,6.4,2,1,2,-3.98671096345515,1,Australia,AS,AS,,-25.0,135.0,AS,1,Japan,JA,JA,,36.0,138.0,JA,1,Australia,AS,AS,,-25.0,135.0,AS,20260101063000,https://www.shippingtribune.com/news/shipping/India+imposes+provisional+anti-dumping+duty+on+low+ash+metallurgical+coke+imports
1281761684,20260101,202601,2026,2026.0027,CHN,CHINA,CHN,,,,,,,,RUS,RUSSIA,RUS,,,,,,,,1,061, Cooperate economically,061,06,2,6.4,8,1,8,-3.98671096345515,1,China,CH,CH,,35.0,105.0,CH,1,Russia,RS,RS,,60.0,100.0,RS,1,Australia,AS,AS,,-25.0,135.0,AS,20260101063000,https://www.shippingtribune.com/news/shipping/India+imposes+provisional+anti-dumping+duty+on+low+ash+metallurgical+coke+imports
1281780152,20260101,202601,2026,2026.0027,CHN,CHINA,CHN,,,,,,,,RUS,RUSSIA,RUS,,,,,,,,0,057, Sign formal agreement,057,05,1,8.0,2,1,2,-4.0764331210191,1,China,CH,CH,,35.0,105.0,CH,4,"Moscow, Moskva, Russia",RS,RS48,25106,55.7522,37.6156,-2960561,1,China,CH,CH,,35.0,105.0,CH,20260101110000,https://smallwarsjournal.com/2026/01/01/the-waiting-game-signposts-of-russias-coming-failure-in-africa/
1281780647,20260101,202601,2026,2026.0027,RUS,RUSSIA,RUS,,,,,,,,CHN,CHINA,CHN,,,,,,,,0,057, Sign formal agreement,057,05,1,8.0,2,1,2,-4.0764331210191,4,"Moscow, Moskva, Russia",RS,RS48,25106,55.7522,37.6156,-2960561,1,China,CH,CH,,35.0,105.0,CH,1,China,CH,CH,,35.0,105.0,CH,20260101110000,https://smallwarsjournal.com/2026/01/01/the-waiting-game-signposts-of-russias-coming-failure-in-africa/
